MSZoning,Utilities,HouseStyle,Heating,HeatingQC,CentralAir,BedroomAbvGr,TotRmsAbvGrd,Fireplaces,GarageType,PavedDrive,SalePrice
RL,AllPub,2Story,GasA,Ex,Y,3,8,0,Attchd,Y,208500
RL,AllPub,1Story,GasA,Ex,Y,3,6,1,Attchd,Y,181500
RL,AllPub,2Story,GasA,Ex,Y,3,6,1,Attchd,Y,223500
RL,AllPub,2Story,GasA,Gd,Y,3,7,1,Detchd,Y,140000
RL,AllPub,2Story,GasA,Ex,Y,4,9,1,Attchd,Y,250000
RL,AllPub,1.5Fin,GasA,Ex,Y,1,5,0,Attchd,Y,143000
RL,AllPub,1Story,GasA,Ex,Y,3,7,1,Attchd,Y,307000
RL,AllPub,2Story,GasA,Ex,Y,3,7,2,Attchd,Y,200000
RM,AllPub,1.5Fin,GasA,Gd,Y,2,8,2,Detchd,Y,129900
RL,AllPub,1.5Unf,GasA,Ex,Y,2,5,2,Attchd,Y,118000
RL,AllPub,1Story,GasA,Ex,Y,3,5,0,Detchd,Y,129500
RL,AllPub,2Story,GasA,Ex,Y,4,11,2,BuiltIn,Y,345000
RL,AllPub,1Story,GasA,TA,Y,2,4,0,Detchd,Y,144000
RL,AllPub,1Story,GasA,Ex,Y,3,7,1,Attchd,Y,279500
RL,AllPub,1Story,GasA,TA,Y,2,5,1,Attchd,Y,157000
RM,AllPub,1.5Unf,GasA,Ex,Y,2,5,0,Detchd,Y,132000
RL,AllPub,1Story,GasA,Ex,Y,2,5,1,Attchd,Y,149000
RL,AllPub,1Story,GasA,TA,Y,2,6,0,CarPort,Y,90000
RL,AllPub,1Story,GasA,Ex,Y,3,6,0,Detchd,Y,159000
RL,AllPub,1Story,GasA,TA,Y,3,6,0,Attchd,Y,139000
RL,AllPub,2Story,GasA,Ex,Y,4,9,1,BuiltIn,Y,325300
RM,AllPub,1.5Unf,GasA,Ex,Y,3,6,1,Attchd,N,139400
RL,AllPub,1Story,GasA,Ex,Y,3,7,1,Attchd,Y,230000
RM,AllPub,1Story,GasA,TA,Y,3,6,1,Attchd,Y,129900
RL,AllPub,1Story,GasA,Ex,Y,3,6,1,Attchd,Y,154000
RL,AllPub,1Story,GasA,Ex,Y,3,7,1,Attchd,Y,256300
RL,AllPub,1Story,GasA,TA,Y,3,5,0,Detchd,Y,134800
RL,AllPub,1Story,GasA,Ex,Y,3,7,1,Attchd,Y,306000
RL,AllPub,1Story,GasA,TA,Y,2,6,2,Attchd,Y,207500
RM,AllPub,1Story,GasA,Fa,N,1,4,0,Detchd,Y,68500
C (all),AllPub,2Story,GasA,TA,N,3,6,0,Detchd,N,40000
RL,AllPub,1Story,GasA,Gd,Y,3,6,0,Attchd,Y,149350
RL,AllPub,1Story,GasA,Ex,Y,3,7,0,Attchd,Y,179900
RL,AllPub,1Story,GasA,Gd,Y,4,6,1,Attchd,Y,165500
RL,AllPub,1Story,GasA,Ex,Y,2,6,1,Attchd,Y,277500
RL,AllPub,2Story,GasA,Ex,Y,4,9,1,BuiltIn,Y,309000
RL,AllPub,1Story,GasA,Ex,Y,3,6,0,Attchd,Y,145000
RL,AllPub,1Story,GasA,Gd,Y,3,5,1,Attchd,Y,153000
RL,AllPub,1Story,GasA,TA,Y,3,5,0,Detchd,Y,109000
RL,AllPub,1Story,GasA,TA,N,2,6,0,NA,N,82000
RL,AllPub,1Story,GasA,Ex,Y,3,6,1,Attchd,Y,160000
RL,AllPub,1Story,GasA,Gd,Y,2,5,2,Attchd,P,170000
RL,AllPub,SFoyer,GasA,Gd,Y,2,5,0,Attchd,Y,144000
RL,AllPub,1Story,GasA,TA,Y,3,5,0,Detchd,Y,130250
RL,AllPub,1Story,GasA,Ex,Y,3,6,0,Attchd,Y,141000
RL,AllPub,1Story,GasA,Ex,Y,2,6,1,Attchd,Y,319900
RL,AllPub,1.5Fin,GasA,Ex,Y,1,6,1,Attchd,Y,239686
FV,AllPub,1Story,GasA,Ex,Y,3,7,0,Attchd,Y,249700
RM,AllPub,2Story,GasA,Gd,Y,2,8,0,NA,N,113000
RL,AllPub,1Story,GasA,Ex,Y,3,6,0,Attchd,Y,127000
RL,AllPub,2Story,GasA,Gd,Y,3,6,0,Attchd,Y,177000
RM,AllPub,1.5Fin,GasA,TA,Y,3,6,1,Detchd,Y,114500
RM,AllPub,1Story,GasA,TA,N,2,5,0,CarPort,Y,110000
RL,AllPub,1Story,GasA,Gd,Y,0,5,1,Attchd,Y,385000
RL,AllPub,SLvl,GasA,TA,Y,3,6,1,Detchd,Y,130000
RL,AllPub,1Story,GasA,Gd,Y,3,7,1,Attchd,Y,180500
FV,AllPub,2Story,GasA,Ex,Y,3,7,0,Attchd,Y,172500
RL,AllPub,2Story,GasA,Ex,Y,3,7,0,Attchd,Y,196500
RL,AllPub,2Story,GasA,Ex,Y,3,10,1,BuiltIn,Y,438780
RL,AllPub,1Story,GasA,Ex,Y,2,4,0,Detchd,Y,124900
RL,AllPub,1Story,GasA,Ex,Y,3,5,0,Detchd,Y,158000
RM,AllPub,2.5Unf,GasA,TA,N,3,6,0,Detchd,N,101000
RL,AllPub,1Story,GasA,Ex,Y,2,6,1,Attchd,Y,202500
RM,AllPub,2Story,GasA,Gd,Y,3,9,0,Detchd,Y,140000
RL,AllPub,2Story,GasA,Ex,Y,3,8,0,Attchd,Y,219500
RL,AllPub,2Story,GasA,Ex,Y,4,9,1,BuiltIn,Y,317000
RL,AllPub,1Story,GasA,TA,Y,3,7,1,Attchd,Y,180000
RL,AllPub,1Story,GasA,Ex,Y,3,7,0,Attchd,Y,226000
RM,AllPub,1Story,GasA,TA,Y,2,4,0,Attchd,Y,80000
RL,AllPub,1.5Fin,GasW,TA,Y,3,7,1,Attchd,Y,225000
RL,AllPub,1Story,GasA,Ex,Y,3,8,2,Attchd,Y,244000
RL,AllPub,1Story,GasA,TA,Y,2,4,0,Detchd,Y,129500
RL,AllPub,2Story,GasA,Gd,Y,3,7,1,Attchd,Y,185000
RL,AllPub,1Story,GasA,Gd,Y,3,6,0,Attchd,Y,144900
RM,AllPub,2Story,GasA,Gd,N,3,8,0,Detchd,Y,107400
RM,AllPub,SLvl,GasA,TA,Y,2,5,0,BuiltIn,Y,91000
RL,AllPub,1Story,GasA,Ex,Y,2,4,0,Detchd,Y,135750
RM,AllPub,1.5Fin,GasA,TA,Y,2,6,0,Detchd,Y,127000
RL,AllPub,1Story,GasA,TA,N,4,8,0,NA,Y,136500
RM,AllPub,2Story,GasA,Gd,Y,2,5,0,Detchd,Y,110000
RL,AllPub,2Story,GasA,TA,Y,4,8,1,Attchd,Y,193500
RM,AllPub,1Story,GasA,Ex,Y,2,5,0,Attchd,Y,153500
RL,AllPub,1Story,GasA,Ex,Y,3,6,1,Attchd,Y,245000
RL,AllPub,1Story,GasA,Gd,Y,3,6,0,Detchd,Y,126500
RL,AllPub,SLvl,GasA,Gd,Y,3,7,1,BuiltIn,Y,168500
RL,AllPub,2Story,GasA,Ex,Y,4,9,1,Attchd,Y,260000
RL,AllPub,2Story,GasA,Ex,Y,3,6,1,BuiltIn,Y,174000
FV,AllPub,2Story,GasA,Ex,Y,2,4,0,Detchd,Y,164500
C (all),AllPub,1.5Fin,GasA,TA,N,2,6,0,NA,N,85000
RL,AllPub,1Story,GasA,Ex,Y,3,5,0,NA,Y,123600
RL,AllPub,1Story,GasA,TA,Y,2,4,0,Detchd,Y,109900
RL,AllPub,1Story,GasA,TA,Y,2,6,0,Attchd,Y,98600
RL,AllPub,1Story,GasA,Ex,Y,2,5,0,Detchd,Y,163500
C (all),AllPub,2.5Unf,GasW,Ex,N,4,9,1,Detchd,Y,133900
RL,AllPub,2Story,GasA,Ex,Y,3,7,0,Attchd,Y,204750
RL,AllPub,2Story,GasA,Gd,Y,3,6,1,BuiltIn,Y,185000
RL,AllPub,1Story,GasA,Ex,Y,3,6,0,Attchd,Y,214000
RL,AllPub,1Story,GasA,TA,Y,3,6,0,Attchd,P,94750
RL,AllPub,1Story,GasA,Fa,N,2,5,0,Basment,Y,83000
RL,AllPub,1Story,GasA,Fa,Y,3,6,0,NA,Y,128950
RL,AllPub,1Story,GasA,Gd,Y,3,6,2,Attchd,Y,205000
RL,AllPub,2Story,GasA,TA,Y,3,7,1,Attchd,Y,178000
RL,AllPub,1Story,GasA,TA,Y,4,8,0,Attchd,Y,118964
RL,AllPub,1Story,GasA,Ex,Y,3,6,0,Attchd,Y,198900
RM,AllPub,1.5Fin,GasA,Ex,Y,4,7,2,Detchd,Y,169500
FV,AllPub,2Story,GasA,Ex,Y,3,9,1,Attchd,Y,250000
RM,AllPub,1Story,GasA,Gd,Y,2,6,0,Detchd,N,100000
RM,AllPub,1Story,GasA,Ex,Y,2,5,0,Detchd,Y,115000
RM,AllPub,1.5Fin,GasW,TA,N,3,7,0,NA,N,115000
RL,AllPub,1Story,GasA,Ex,Y,3,7,1,Attchd,Y,190000
RL,AllPub,1.5Fin,GasA,Gd,Y,4,7,0,Attchd,Y,136900
RL,AllPub,SLvl,GasA,Ex,Y,3,7,1,BuiltIn,Y,180000
RL,AllPub,2Story,GasA,Ex,Y,4,10,1,BuiltIn,Y,383970
RL,AllPub,1Story,GasA,TA,Y,3,7,2,Basment,Y,217000
RL,AllPub,2Story,GasA,Ex,Y,3,9,1,Detchd,Y,259500
FV,AllPub,2Story,GasA,Gd,Y,2,5,1,Detchd,Y,176000
RL,AllPub,1Story,GasA,TA,Y,3,6,1,Attchd,Y,139000
RL,AllPub,1Story,GasA,Gd,Y,2,5,0,Attchd,Y,155000
RL,AllPub,2Story,GasA,Gd,Y,5,11,2,Attchd,Y,320000
RL,AllPub,2Story,GasA,Ex,Y,3,8,1,Attchd,Y,163990
RL,AllPub,SLvl,GasA,Ex,Y,1,4,2,Attchd,Y,180000
RM,AllPub,1.5Fin,GasA,Gd,Y,3,4,0,Detchd,P,100000
RL,AllPub,1Story,GasA,Gd,Y,3,5,0,Attchd,Y,136000
RL,AllPub,1Story,GasA,Ex,Y,2,5,0,Attchd,Y,153900
RL,AllPub,1Story,GasA,TA,Y,3,7,1,Attchd,Y,181000
RM,AllPub,1.5Fin,GasA,Gd,N,2,5,0,NA,N,84500
RL,AllPub,1Story,GasA,TA,Y,2,5,1,Attchd,Y,128000
RM,AllPub,1.5Unf,GasA,Ex,Y,3,5,1,NA,N,87000
RL,AllPub,2Story,GasA,TA,Y,3,6,1,Attchd,Y,155000
RL,AllPub,1Story,GasA,TA,Y,3,6,0,2Types,Y,150000
RL,AllPub,2Story,GasA,Ex,Y,4,8,2,Attchd,Y,226000
RL,AllPub,2Story,GasA,Ex,Y,3,7,1,BuiltIn,Y,244000
RL,AllPub,1Story,GasA,Gd,Y,3,7,0,Detchd,Y,150750
RL,AllPub,1Story,GasA,Ex,Y,2,6,0,Attchd,Y,220000
RL,AllPub,1Story,GasA,Gd,Y,3,7,1,Attchd,Y,180000
RL,AllPub,1Story,GasA,Gd,Y,3,7,1,Attchd,Y,174000
RL,AllPub,1Story,GasA,TA,Y,3,5,1,Attchd,Y,143000
RL,AllPub,1Story,GasA,Gd,Y,5,9,0,2Types,Y,171000
RL,AllPub,2Story,GasA,Ex,Y,3,7,2,Attchd,Y,230000
RL,AllPub,2Story,GasA,Ex,Y,3,7,0,Attchd,Y,231500
RL,AllPub,1Story,GasA,TA,Y,3,5,1,NA,Y,115000
RL,AllPub,1Story,GasA,Ex,Y,3,7,0,Attchd,Y,260000
RL,AllPub,1.5Fin,GasA,Fa,Y,4,6,0,Detchd,Y,166000
RL,AllPub,1Story,GasA,Ex,Y,3,6,0,Attchd,Y,204000
RM,AllPub,1Story,GasA,TA,Y,6,10,0,Detchd,Y,125000
RM,AllPub,2Story,GasA,Ex,Y,3,7,0,Detchd,Y,130000
RM,AllPub,1Story,GasA,TA,Y,2,5,0,Detchd,Y,105000
RL,AllPub,2Story,GasA,Ex,Y,3,8,1,BuiltIn,Y,222500
RL,AllPub,1Story,GasA,Ex,Y,3,6,0,NA,Y,141000
RM,AllPub,1.5Fin,GasA,Gd,Y,3,7,0,Detchd,Y,115000
RL,AllPub,1Story,GasA,TA,Y,3,5,0,Attchd,Y,122000
RL,AllPub,1Story,GasA,Ex,Y,2,6,1,Attchd,Y,372402
RL,AllPub,2Story,GasA,Gd,Y,4,8,1,Attchd,Y,190000
RL,AllPub,1Story,GasA,Gd,Y,1,4,1,Attchd,Y,235000
RM,AllPub,1Story,GasA,TA,Y,4,7,0,Detchd,Y,125000
RL,AllPub,1.5Fin,Grav,Fa,N,2,5,0,NA,N,79000
RL,AllPub,1Story,GasA,TA,Y,2,5,0,Detchd,Y,109500
RL,AllPub,2Story,GasA,Ex,Y,4,8,1,BuiltIn,Y,269500
FV,AllPub,2Story,GasA,Ex,Y,3,8,1,Attchd,Y,254900
RL,AllPub,2Story,GasA,Ex,Y,4,9,1,Attchd,Y,320000
RL,AllPub,1Story,GasA,TA,Y,3,6,0,Attchd,Y,162500
RL,AllPub,2Story,GasA,Ex,Y,3,10,2,BuiltIn,Y,412500
RL,AllPub,1Story,GasA,Ex,Y,3,7,1,Attchd,Y,220000
RL,AllPub,1.5Unf,GasA,Ex,Y,1,4,0,NA,Y,103200
RM,AllPub,1Story,GasA,Gd,Y,3,5,0,Detchd,Y,152000
RL,AllPub,1.5Fin,GasA,Gd,Y,4,6,0,NA,Y,127500
RL,AllPub,1Story,GasA,Ex,Y,2,7,3,Attchd,Y,190000
RL,AllPub,2Story,GasA,Ex,Y,3,8,1,Attchd,Y,325624
RL,AllPub,2Story,GasA,Ex,Y,3,7,1,Attchd,Y,183500
RL,AllPub,1Story,GasA,TA,Y,2,6,1,Attchd,Y,228000
RM,AllPub,1.5Fin,GasA,TA,Y,2,7,0,Detchd,Y,128500
RL,AllPub,1Story,GasA,Fa,Y,3,7,2,Attchd,P,215000
RL,AllPub,2Story,GasA,Gd,Y,2,5,1,Attchd,Y,239000
RL,AllPub,1Story,GasA,TA,Y,3,6,1,Attchd,Y,163000
RL,AllPub,1Story,GasA,TA,Y,3,7,1,Attchd,Y,184000
RL,AllPub,1Story,GasA,TA,Y,4,7,1,Attchd,Y,243000
RL,AllPub,2Story,GasA,TA,Y,4,8,1,Attchd,Y,211000
RL,AllPub,1.5Fin,GasA,Ex,Y,4,8,1,Attchd,Y,172500
RL,AllPub,1Story,GasA,Ex,Y,1,9,1,Attchd,Y,501837
RM,AllPub,1Story,GasA,TA,Y,2,5,0,Detchd,N,100000
FV,AllPub,2Story,GasA,Ex,Y,3,5,1,Detchd,Y,177000
RL,AllPub,2Story,GasA,Gd,Y,4,9,1,Detchd,Y,200100
RL,AllPub,1Story,GasA,Ex,Y,3,7,1,Attchd,Y,120000
RM,AllPub,1.5Fin,GasA,Ex,Y,3,6,0,Detchd,N,200000
RL,AllPub,1.5Fin,GasA,Gd,Y,3,5,0,Attchd,Y,127000
RM,AllPub,2.5Fin,GasA,Ex,Y,4,12,2,Detchd,Y,475000
RL,AllPub,SLvl,GasA,Ex,Y,3,6,0,Attchd,Y,173000
RL,AllPub,1.5Fin,GasA,Ex,Y,3,8,0,Detchd,N,135000
RL,AllPub,SFoyer,GasA,TA,Y,2,6,2,Detchd,Y,153337
RL,AllPub,1Story,GasA,Ex,Y,0,5,1,Attchd,Y,286000
RL,AllPub,2Story,GasA,TA,Y,3,10,2,Detchd,Y,315000
RL,AllPub,2Story,GasA,Gd,Y,4,7,0,Attchd,Y,184000
RL,AllPub,1Story,GasA,Ex,Y,3,6,0,Attchd,Y,192000
RM,AllPub,2Story,GasA,Ex,Y,3,7,0,Detchd,Y,130000
RL,AllPub,1Story,GasA,TA,Y,3,5,0,Detchd,Y,127000
RL,AllPub,2Story,GasA,TA,Y,3,7,1,Attchd,Y,148500
RL,AllPub,1Story,GasA,Ex,Y,3,8,1,Attchd,Y,311872
RL,AllPub,2Story,GasA,Gd,Y,4,8,1,Detchd,Y,235000
RM,AllPub,2.5Fin,GasA,Ex,Y,5,8,0,NA,Y,104000
RL,AllPub,1Story,GasA,Ex,Y,3,7,1,Attchd,Y,274900
RM,AllPub,1Story,GasA,Ex,Y,2,5,0,Attchd,Y,140000
RL,AllPub,1Story,GasA,TA,Y,3,6,2,Detchd,Y,171500
RL,AllPub,1.5Fin,GasA,Gd,Y,2,6,0,Attchd,Y,112000
RM,AllPub,1Story,GasA,Ex,Y,1,3,1,Attchd,Y,149000
RM,AllPub,1.5Fin,GasA,TA,Y,2,5,0,Detchd,Y,110000
RL,AllPub,1Story,GasA,Ex,Y,3,5,0,Attchd,Y,180500
RL,AllPub,1Story,GasA,TA,Y,3,8,1,Attchd,Y,143900
RL,AllPub,1Story,GasA,TA,Y,3,6,1,Attchd,Y,141000
RL,AllPub,2Story,GasA,Ex,Y,3,7,1,Attchd,Y,277000
RL,AllPub,1Story,GasA,Ex,Y,3,6,0,Attchd,Y,145000
RL,AllPub,1Story,GasA,TA,N,2,5,0,NA,Y,98000
RL,AllPub,1Story,GasA,Ex,Y,3,6,0,Attchd,Y,186000
FV,AllPub,2Story,GasA,Ex,Y,3,7,1,Attchd,Y,252678
RL,AllPub,1Story,GasA,Ex,Y,3,5,0,Attchd,Y,156000
RL,AllPub,2Story,GasA,Ex,Y,3,6,0,Attchd,Y,161750
RL,AllPub,1Story,GasA,TA,Y,2,6,1,Attchd,Y,134450
RL,AllPub,1Story,GasA,Ex,Y,3,8,0,Attchd,Y,210000
RM,AllPub,2Story,GasA,Fa,N,3,8,0,Detchd,Y,107000
RL,AllPub,1.5Fin,GasA,Ex,Y,3,8,2,Attchd,Y,311500
RL,AllPub,1Story,GasA,Ex,Y,2,5,0,Attchd,Y,167240
RL,AllPub,1Story,GasA,Ex,Y,2,5,0,Attchd,Y,204900
RL,AllPub,2Story,GasA,Ex,Y,4,8,1,BuiltIn,Y,200000
RL,AllPub,2Story,GasA,TA,Y,3,6,1,Attchd,Y,179900
RL,AllPub,1Story,GasA,Gd,Y,2,4,0,Detchd,Y,97000
RL,AllPub,1Story,GasA,Ex,Y,3,8,1,Attchd,Y,386250
RM,AllPub,2Story,GasA,TA,Y,3,6,0,Detchd,Y,112000
RL,AllPub,2Story,GasA,Ex,Y,4,9,1,Attchd,Y,290000
RM,AllPub,2Story,GasA,TA,Y,2,5,0,Detchd,Y,106000
RL,AllPub,1Story,GasA,TA,Y,3,5,1,Detchd,Y,125000
RL,AllPub,1Story,GasA,Ex,Y,2,7,1,Attchd,Y,192500
RL,AllPub,1Story,GasA,TA,Y,3,6,0,Attchd,Y,148000
RL,AllPub,2Story,GasA,Ex,Y,4,9,1,Attchd,Y,403000
RM,AllPub,2Story,GasA,TA,Y,2,5,1,Attchd,Y,94500
RL,AllPub,1Story,GasA,TA,Y,3,5,0,Attchd,Y,128200
RL,AllPub,2Story,GasA,Ex,Y,4,8,2,BuiltIn,Y,216500
RM,AllPub,2Story,GasA,TA,Y,2,5,0,Detchd,Y,89500
RL,AllPub,1Story,GasA,Ex,Y,3,6,0,Attchd,Y,185500
RL,AllPub,2Story,GasA,Ex,Y,3,7,0,Attchd,Y,194500
RL,AllPub,1Story,GasA,Ex,Y,3,7,0,Attchd,Y,318000
RL,AllPub,1.5Fin,GasA,TA,Y,3,7,1,Detchd,Y,113000
FV,AllPub,1Story,GasA,Ex,Y,3,7,0,Attchd,Y,262500
RM,AllPub,1Story,GasA,Gd,Y,2,4,0,NA,Y,110500
RM,AllPub,1.5Fin,GasA,Gd,N,3,6,0,Attchd,Y,79000
RL,AllPub,2Story,GasA,TA,Y,3,6,1,Attchd,Y,120000
RL,AllPub,2Story,GasA,Ex,Y,3,8,2,Attchd,Y,205000
RL,AllPub,1Story,GasA,Gd,Y,3,6,1,Attchd,Y,241500
RM,AllPub,2Story,GasA,Gd,N,4,9,0,Detchd,Y,137000
RL,AllPub,1Story,GasA,Ex,Y,2,5,1,Attchd,Y,140000
RL,AllPub,2Story,GasA,Ex,Y,3,8,0,Attchd,Y,180000
RL,AllPub,1.5Fin,GasA,Gd,Y,4,7,2,Attchd,Y,277000
RL,AllPub,1Story,GasA,Ex,Y,3,6,0,NA,Y,76500
RM,AllPub,1Story,GasA,Ex,Y,2,5,1,Attchd,Y,235000
RL,AllPub,2Story,GasA,Ex,Y,3,6,0,Attchd,Y,173000
RL,AllPub,SLvl,GasA,Ex,Y,3,7,0,Attchd,Y,158000
RL,AllPub,1Story,GasA,TA,Y,3,5,0,Attchd,Y,145000
RL,AllPub,2Story,GasA,Ex,Y,4,8,1,BuiltIn,Y,230000
FV,AllPub,2Story,GasA,Ex,Y,3,7,0,Attchd,Y,207500
RL,AllPub,1Story,GasA,Ex,Y,3,8,1,Attchd,Y,220000
RL,AllPub,2Story,GasA,Ex,Y,3,7,1,Attchd,Y,231500
RM,AllPub,1Story,GasA,Gd,Y,2,4,0,Detchd,Y,97000
RL,AllPub,SLvl,GasA,TA,Y,3,6,1,Attchd,Y,176000
RL,AllPub,2Story,GasA,Ex,Y,3,10,1,BuiltIn,Y,276000
RL,AllPub,SLvl,GasA,TA,Y,3,6,1,Attchd,Y,151000
RM,AllPub,1.5Fin,GasA,TA,Y,3,6,0,Detchd,Y,130000
RM,AllPub,1Story,GasA,Gd,N,2,4,0,Detchd,N,73000
RL,AllPub,1Story,GasA,TA,Y,3,7,1,Attchd,Y,175500
RL,AllPub,2Story,GasA,Gd,Y,3,8,1,Attchd,Y,185000
RL,AllPub,2.5Fin,GasA,Ex,Y,4,8,1,Detchd,Y,179500
RM,AllPub,1Story,GasA,Ex,Y,2,4,1,Detchd,Y,120500
RL,AllPub,1Story,GasA,TA,Y,3,6,1,Attchd,Y,148000
FV,AllPub,2Story,GasA,Gd,Y,3,8,1,Attchd,Y,266000
RL,AllPub,1Story,GasA,Ex,Y,2,5,2,Attchd,Y,241500
RL,AllPub,2Story,GasA,Ex,Y,4,9,1,Attchd,Y,290000
RL,AllPub,1Story,GasA,Gd,Y,3,6,1,Attchd,Y,139000
RL,AllPub,1Story,GasA,TA,Y,2,5,0,Attchd,Y,124500
RL,AllPub,1.5Fin,GasW,Gd,N,3,5,0,Detchd,Y,205000
RL,AllPub,1Story,GasA,Ex,Y,3,7,0,Attchd,Y,201000
RL,AllPub,1Story,GasA,Ex,Y,2,4,0,Detchd,Y,141000
RL,AllPub,1Story,GasA,Ex,Y,3,8,1,Attchd,Y,415298
RL,AllPub,2Story,GasA,Ex,Y,4,8,1,Attchd,Y,192000
RL,AllPub,2Story,GasA,Gd,Y,3,7,1,Attchd,Y,228500
FV,AllPub,1Story,GasA,Gd,Y,2,5,0,Attchd,Y,185000
RL,AllPub,1Story,GasA,Ex,Y,2,6,1,Attchd,Y,207500
RL,AllPub,1Story,GasA,Ex,Y,3,6,1,Attchd,Y,244600
RL,AllPub,1Story,GasA,Gd,Y,2,5,0,Attchd,Y,179200
FV,AllPub,2Story,GasA,Ex,Y,2,5,0,Detchd,Y,164700
RL,AllPub,1.5Fin,GasA,TA,Y,3,7,1,Attchd,Y,159000
RL,AllPub,1Story,GasA,TA,Y,3,5,0,NA,Y,88000
RL,AllPub,1Story,GasA,TA,Y,3,5,0,Detchd,Y,122000
RL,AllPub,2Story,GasA,Ex,Y,3,7,0,Detchd,Y,153575
RL,AllPub,2Story,GasA,Ex,Y,3,8,1,Attchd,Y,233230
RL,AllPub,2Story,GasA,Ex,N,6,9,0,NA,N,135900
RL,AllPub,1.5Fin,GasA,Gd,Y,3,8,1,Attchd,Y,131000
RL,AllPub,2Story,GasA,Fa,Y,3,9,1,Attchd,Y,235000
RL,AllPub,1Story,GasA,TA,Y,3,7,2,Attchd,Y,167000
RL,AllPub,SLvl,GasA,TA,Y,3,6,0,Detchd,Y,142500
RM,AllPub,1.5Fin,GasA,TA,Y,4,6,0,Attchd,Y,152000
FV,AllPub,2Story,GasA,Ex,Y,3,7,1,Detchd,Y,239000
RL,AllPub,2Story,GasA,Gd,Y,3,7,1,Attchd,Y,175000
RL,AllPub,1Story,GasA,Ex,Y,3,6,1,Attchd,Y,158500
RL,AllPub,1Story,GasA,TA,Y,2,5,2,Attchd,Y,157000
RL,AllPub,2Story,GasA,Ex,Y,4,9,1,BuiltIn,Y,267000
RL,AllPub,1Story,GasA,Ex,Y,3,6,1,Attchd,Y,205000
RL,AllPub,1Story,GasA,TA,Y,3,5,0,Attchd,Y,149900
RM,AllPub,2.5Fin,GasA,Ex,Y,3,10,1,Attchd,Y,295000
RL,AllPub,1Story,GasA,Ex,Y,3,8,0,Attchd,Y,305900
RL,AllPub,2Story,GasA,Gd,Y,4,8,1,Attchd,Y,225000
RM,AllPub,1.5Fin,GasA,TA,Y,3,6,0,NA,N,89500
RL,AllPub,1Story,GasA,Ex,Y,1,4,0,Detchd,Y,82500
RL,AllPub,1Story,GasA,Ex,Y,3,8,3,Attchd,Y,360000
RL,AllPub,2Story,GasA,Gd,Y,3,6,1,Attchd,Y,165600
RL,AllPub,1Story,GasA,Ex,Y,2,5,1,Detchd,Y,132000
RM,AllPub,1.5Fin,GasA,TA,Y,3,5,1,Detchd,Y,119900
RL,AllPub,1Story,GasW,TA,Y,3,8,2,Attchd,Y,375000
RM,AllPub,2Story,GasA,Ex,Y,3,6,1,Detchd,Y,178000
RL,AllPub,2Story,GasA,Ex,Y,3,6,1,Attchd,Y,188500
RL,AllPub,2Story,GasA,TA,Y,4,10,1,Attchd,Y,260000
FV,AllPub,2Story,GasA,Ex,Y,3,8,1,Attchd,Y,270000
RL,AllPub,2Story,GasA,Ex,Y,4,9,1,Attchd,Y,260000
RL,AllPub,SLvl,GasA,TA,Y,3,6,2,Attchd,Y,187500
RL,AllPub,2Story,GasA,Ex,Y,4,9,0,Attchd,Y,342643
RL,AllPub,2Story,GasA,Ex,Y,4,10,1,BuiltIn,Y,354000
RL,AllPub,2Story,GasA,Ex,Y,4,8,1,Attchd,Y,301000
RM,AllPub,1Story,GasA,Ex,Y,3,6,0,Attchd,Y,126175
RL,AllPub,SLvl,GasA,Ex,Y,5,11,1,BuiltIn,Y,242000
RM,AllPub,1.5Unf,GasA,Po,N,2,5,0,Detchd,Y,87000
RL,AllPub,1Story,GasA,Ex,Y,1,6,2,Attchd,Y,324000
RL,AllPub,1Story,GasA,TA,Y,3,7,0,Attchd,Y,145250
RL,AllPub,2.5Unf,GasA,Gd,N,5,10,0,Detchd,Y,214500
RM,AllPub,2Story,GasA,TA,N,3,6,0,Detchd,N,78000
RL,AllPub,1Story,GasA,TA,Y,6,10,0,Detchd,Y,119000
RL,AllPub,1Story,GasA,Fa,Y,3,6,0,Attchd,Y,139000
RL,AllPub,1Story,GasA,Ex,Y,3,7,1,Attchd,Y,284000
RM,AllPub,1Story,GasA,Ex,Y,2,6,1,Attchd,Y,207000
RL,AllPub,2Story,GasA,Gd,Y,3,7,2,Attchd,Y,192000
RL,AllPub,1.5Fin,GasA,Ex,Y,3,7,2,Attchd,Y,228950
RL,AllPub,1Story,GasA,Ex,Y,3,8,1,Attchd,Y,377426
RL,AllPub,1Story,GasA,Ex,Y,3,7,0,Attchd,Y,214000
RL,AllPub,1Story,GasA,Ex,Y,3,8,0,Attchd,Y,202500
RL,AllPub,1Story,GasA,TA,Y,3,6,0,Attchd,Y,155000
RL,AllPub,2Story,GasA,Ex,Y,4,9,0,Attchd,Y,202900
RH,AllPub,1Story,GasA,Gd,Y,2,4,0,CarPort,N,82000
RL,AllPub,1Story,Wall,Fa,N,2,6,0,Detchd,Y,87500
RL,AllPub,1Story,GasA,Ex,Y,2,6,1,Attchd,Y,266000
RM,AllPub,2Story,GasA,TA,Y,3,4,0,Attchd,Y,85000
RL,AllPub,1.5Fin,GasA,Gd,Y,3,6,1,Detchd,Y,140200
RL,AllPub,1Story,GasA,TA,Y,2,5,0,Attchd,Y,151500
RL,AllPub,1Story,GasA,Ex,Y,3,6,2,Attchd,Y,157500
RL,AllPub,2Story,GasA,Ex,Y,2,6,0,BuiltIn,Y,154000
RL,AllPub,2Story,GasA,Ex,Y,4,10,2,Attchd,Y,437154
RL,AllPub,1Story,GasA,Ex,Y,2,6,1,Attchd,Y,318061
RL,AllPub,1Story,GasA,Gd,Y,2,6,1,Attchd,Y,190000
RL,AllPub,1.5Fin,GasA,TA,N,3,5,0,Detchd,Y,95000
RM,AllPub,1Story,GasA,Gd,Y,2,5,0,Detchd,Y,105900
RL,AllPub,1.5Fin,GasA,Ex,Y,2,6,2,Attchd,Y,140000
RL,AllPub,1Story,GasA,Ex,Y,3,6,0,Attchd,Y,177500
RL,AllPub,1Story,GasA,Gd,Y,3,6,0,Attchd,Y,173000
RM,AllPub,1Story,GasA,TA,Y,3,6,1,Attchd,Y,134000
RL,AllPub,SLvl,GasA,Ex,Y,3,6,0,BuiltIn,Y,130000
RL,AllPub,2Story,GasA,Ex,Y,3,7,1,Attchd,Y,280000
RL,AllPub,SFoyer,GasA,Ex,Y,2,5,1,Attchd,Y,156000
RL,AllPub,1.5Fin,GasA,Gd,Y,3,8,0,Detchd,N,145000
RL,AllPub,SFoyer,GasA,Ex,Y,4,7,1,BuiltIn,Y,198500
RM,AllPub,2Story,GasA,Gd,Y,2,5,0,Detchd,Y,118000
RL,AllPub,2Story,GasA,TA,Y,3,6,1,Attchd,Y,190000
RM,AllPub,2Story,GasA,Gd,Y,3,6,0,Detchd,Y,147000
RL,AllPub,1Story,GasA,Gd,Y,3,6,2,Attchd,Y,159000
RL,AllPub,SLvl,GasA,Gd,Y,3,6,1,Basment,Y,165000
RL,AllPub,1Story,GasA,Gd,Y,2,7,1,Attchd,Y,132000
RL,AllPub,1Story,GasA,Ex,Y,3,7,1,Detchd,Y,162000
RL,AllPub,2Story,GasA,Ex,Y,3,7,1,Attchd,Y,172400
RL,AllPub,1.5Fin,GasA,TA,Y,4,7,1,Detchd,N,134432
RL,AllPub,1Story,GasA,TA,Y,2,4,0,Attchd,Y,125000
RL,AllPub,1Story,GasA,TA,Y,3,5,0,Attchd,Y,123000
RL,AllPub,2Story,GasA,Ex,Y,4,8,1,BuiltIn,Y,219500
RL,AllPub,1Story,GasA,Gd,N,1,4,0,NA,Y,61000
RL,AllPub,SFoyer,GasA,Ex,Y,2,5,0,Detchd,Y,148000
FV,AllPub,2Story,GasA,Ex,Y,4,8,1,Attchd,Y,340000
RL,AllPub,1Story,GasA,Ex,Y,1,8,1,Attchd,Y,394432
RL,AllPub,2Story,GasA,Ex,Y,3,7,1,Attchd,Y,179000
RL,AllPub,1.5Fin,GasA,TA,Y,3,6,1,Detchd,Y,127000
FV,AllPub,1Story,GasA,Ex,Y,2,5,1,Attchd,Y,187750
RL,AllPub,2Story,GasA,Ex,Y,3,8,0,Attchd,Y,213500
RH,AllPub,1.5Unf,GasA,TA,N,2,5,0,Detchd,N,76000
RL,AllPub,2Story,GasA,Ex,Y,3,9,2,Attchd,Y,240000
RL,AllPub,1Story,GasA,Ex,Y,2,6,1,Attchd,Y,192000
RL,AllPub,1.5Fin,GasA,TA,Y,5,8,0,NA,N,81000
RL,AllPub,SLvl,GasA,Ex,Y,3,6,1,Detchd,Y,125000
RL,AllPub,1Story,GasA,Ex,Y,3,6,0,Attchd,Y,191000
RL,AllPub,2Story,GasA,Ex,Y,3,9,1,BuiltIn,Y,426000
RL,AllPub,1.5Fin,GasA,Ex,Y,4,7,0,Detchd,Y,119000
RL,AllPub,2Story,GasA,Ex,Y,3,7,1,BuiltIn,Y,215000
RL,AllPub,1Story,GasA,TA,Y,3,5,0,Attchd,Y,106500
RL,AllPub,1Story,GasA,TA,Y,2,4,2,NA,Y,100000
RL,AllPub,1.5Fin,GasA,Gd,Y,2,5,0,Detchd,Y,109000
RL,AllPub,1Story,GasA,TA,Y,3,6,0,Attchd,Y,129000
RL,AllPub,1Story,GasA,TA,Y,2,6,0,Detchd,Y,123000
RL,AllPub,2Story,GasA,TA,Y,4,8,1,Attchd,Y,169500
RM,AllPub,1Story,GasA,Gd,Y,2,6,0,Detchd,N,67000
FV,AllPub,2Story,GasA,Ex,Y,2,7,0,Attchd,Y,241000
RL,AllPub,1Story,GasA,Ex,Y,1,4,2,Attchd,Y,245500
RL,AllPub,1Story,GasA,Ex,Y,3,6,1,Attchd,Y,164990
RL,AllPub,1Story,GasA,Ex,Y,2,4,0,Detchd,N,108000
RL,AllPub,2Story,GasA,Gd,Y,4,10,1,BuiltIn,Y,258000
RL,AllPub,2Story,GasA,Gd,Y,3,7,1,BuiltIn,Y,168000
RL,AllPub,1Story,GasA,Ex,Y,3,8,1,Attchd,Y,150000
RL,AllPub,1.5Fin,GasA,Ex,Y,3,6,0,Detchd,Y,115000
RL,AllPub,2Story,GasA,Ex,Y,4,8,0,Attchd,Y,177000
RL,AllPub,2Story,GasA,Ex,Y,3,9,1,Attchd,Y,280000
FV,AllPub,2Story,GasA,Ex,Y,3,8,1,Attchd,Y,339750
RL,AllPub,1Story,GasA,TA,Y,3,5,0,Attchd,Y,60000
RL,AllPub,1Story,GasA,TA,N,3,5,0,Attchd,Y,145000
FV,AllPub,1Story,GasA,Ex,Y,2,7,1,Attchd,Y,222000
RM,AllPub,1Story,GasA,Gd,Y,2,5,1,Detchd,Y,115000
RL,AllPub,2Story,GasA,Ex,Y,3,9,1,Attchd,Y,228000
RL,AllPub,1Story,GasA,Ex,Y,3,6,0,Attchd,Y,181134
RL,AllPub,2Story,GasA,TA,Y,3,6,1,Attchd,Y,149500
RL,AllPub,2Story,GasW,TA,N,4,10,1,Detchd,N,239000
RL,AllPub,1.5Fin,GasA,Fa,N,3,7,0,Detchd,P,126000
RL,AllPub,1Story,GasA,Ex,Y,3,6,1,Attchd,Y,142000
RM,AllPub,SFoyer,GasA,Ex,Y,2,8,0,Attchd,Y,206300
RL,AllPub,1Story,GasA,Gd,Y,3,8,1,Attchd,Y,215000
RL,AllPub,1Story,GasA,Ex,Y,2,4,0,Attchd,N,113000
RL,AllPub,2Story,GasA,Gd,Y,4,8,1,Attchd,Y,315000
RL,AllPub,1Story,GasA,Gd,Y,2,6,1,Attchd,Y,139000
RM,AllPub,2Story,GasA,Gd,Y,3,6,2,Detchd,P,135000
RL,AllPub,SLvl,GasA,Gd,Y,2,5,1,Attchd,Y,275000
RL,AllPub,1Story,GasA,Ex,Y,3,5,0,Detchd,Y,109008
RL,AllPub,1Story,GasA,Ex,Y,2,6,0,Attchd,Y,195400
RL,AllPub,1Story,GasA,TA,Y,3,6,1,Attchd,Y,175000
RM,AllPub,2Story,GasA,TA,Y,2,4,0,Detchd,Y,85400
RM,AllPub,1.5Fin,GasA,Gd,Y,4,7,0,NA,N,79900
RM,AllPub,2Story,GasA,Ex,Y,2,6,0,Detchd,Y,122500
RL,AllPub,2Story,GasA,Ex,Y,3,7,1,Attchd,Y,181000
RM,AllPub,SFoyer,GasA,Gd,Y,1,3,0,NA,Y,81000
RL,AllPub,2Story,GasA,Ex,Y,3,6,1,Attchd,Y,212000
RM,AllPub,1.5Fin,GasA,TA,Y,2,6,0,Detchd,Y,116000
RM,AllPub,1.5Unf,GasA,Gd,Y,2,4,0,Detchd,Y,119000
RL,AllPub,1Story,GasA,TA,N,2,4,1,Detchd,P,90350
RL,AllPub,1.5Fin,GasA,Gd,Y,3,7,0,Detchd,Y,110000
RL,AllPub,1Story,GasA,Ex,Y,2,10,2,Attchd,Y,555000
RL,AllPub,1Story,GasA,TA,N,4,8,0,NA,Y,118000
RM,AllPub,1.5Fin,GasA,TA,Y,3,8,1,Detchd,P,162900
RL,AllPub,1Story,GasA,Ex,Y,2,6,1,Attchd,Y,172500
RL,AllPub,2Story,GasA,Ex,Y,4,8,1,Attchd,Y,210000
RL,AllPub,1Story,GasA,Fa,Y,3,7,1,Attchd,Y,127500
RL,AllPub,1Story,GasA,Ex,Y,2,6,1,Attchd,Y,190000
RL,AllPub,2Story,GasA,Gd,Y,4,10,1,Attchd,Y,199900
RM,AllPub,1.5Fin,GasA,TA,Y,3,7,1,Detchd,N,119500
RM,AllPub,1.5Fin,GasA,Ex,Y,2,6,0,Detchd,Y,120000
RM,AllPub,1Story,GasA,Ex,Y,2,5,0,Detchd,N,110000
RL,AllPub,1Story,GasA,TA,Y,2,5,2,Attchd,Y,280000
RL,AllPub,2Story,GasA,Ex,Y,3,7,0,Attchd,Y,204000
FV,AllPub,2Story,GasA,Ex,Y,3,6,0,Attchd,Y,210000
RL,AllPub,1Story,GasA,TA,Y,4,8,0,Detchd,Y,188000
RL,AllPub,1Story,GasA,Fa,Y,3,6,1,Attchd,Y,175500
RM,AllPub,2Story,GasA,Fa,N,4,7,0,Detchd,Y,98000
RL,AllPub,1Story,GasA,Ex,Y,2,6,2,Attchd,Y,256000
RM,AllPub,2Story,GasA,Fa,Y,3,7,1,Detchd,Y,161000
RL,AllPub,1.5Fin,GasA,TA,Y,3,5,1,Detchd,Y,110000
FV,AllPub,2Story,GasA,Ex,Y,3,8,0,BuiltIn,Y,263435
RL,AllPub,2Story,GasA,Ex,Y,3,6,0,Detchd,Y,155000
RL,AllPub,1Story,GasA,Gd,Y,3,5,1,Detchd,Y,62383
RL,AllPub,2Story,GasA,Fa,Y,3,6,1,Detchd,Y,188700
RL,AllPub,1Story,GasA,TA,Y,3,5,0,NA,Y,124000
RM,AllPub,1Story,GasA,Ex,Y,2,6,1,Attchd,Y,178740
RL,AllPub,1Story,GasA,TA,Y,2,5,1,Attchd,Y,167000
RL,AllPub,2Story,GasA,Ex,Y,3,7,2,Attchd,Y,146500
RL,AllPub,1Story,GasA,Ex,Y,3,7,1,Attchd,Y,250000
RL,AllPub,2Story,GasA,Ex,Y,3,7,0,Attchd,Y,187000
RL,AllPub,1Story,GasA,TA,Y,1,4,0,Attchd,Y,212000
RL,AllPub,2Story,GasA,TA,Y,3,8,1,Attchd,Y,190000
RM,AllPub,SLvl,GasA,Ex,Y,2,5,0,Basment,Y,148000
RL,AllPub,1Story,GasA,Ex,Y,2,7,1,Attchd,Y,440000
RL,AllPub,1Story,GasA,Ex,Y,2,6,0,Attchd,Y,251000
RL,AllPub,1Story,GasA,TA,Y,2,5,0,Detchd,Y,132500
RL,AllPub,1Story,GasA,Ex,Y,3,7,1,Attchd,Y,208900
RL,AllPub,2Story,GasA,Ex,Y,3,9,1,BuiltIn,Y,380000
RL,AllPub,1Story,GasA,Ex,Y,3,7,1,Attchd,Y,297000
RM,AllPub,1Story,GasA,TA,Y,2,7,0,Detchd,Y,89471
RL,AllPub,1Story,GasA,Ex,Y,3,8,1,Attchd,Y,326000
RL,AllPub,1Story,GasA,Ex,Y,2,6,1,Attchd,Y,374000
RM,AllPub,2Story,GasA,Ex,Y,4,7,1,Attchd,Y,155000
RM,AllPub,1Story,GasA,Ex,Y,2,5,0,Attchd,Y,164000
RL,AllPub,1Story,GasA,Gd,Y,3,6,0,Detchd,Y,132500
RL,AllPub,1Story,GasA,Gd,Y,3,5,1,Attchd,Y,147000
RL,AllPub,1Story,GasA,TA,Y,3,6,0,Attchd,Y,156000
RL,AllPub,1Story,GasA,Gd,Y,3,7,1,Attchd,Y,175000
RL,AllPub,1.5Fin,GasA,TA,N,3,10,1,Attchd,N,160000
RM,AllPub,SFoyer,GasA,TA,Y,1,3,0,Attchd,Y,86000
RM,AllPub,2Story,GasA,TA,Y,3,4,1,BuiltIn,Y,115000
RL,AllPub,1.5Fin,GasA,TA,Y,3,5,2,Attchd,Y,133000
RL,AllPub,2Story,GasA,Gd,Y,3,8,0,Attchd,Y,172785
RL,AllPub,1Story,GasA,TA,Y,3,6,1,Detchd,Y,155000
RM,AllPub,1Story,GasA,Gd,Y,2,4,0,Attchd,Y,91300
C (all),AllPub,1Story,GasA,TA,N,2,4,0,NA,N,34900
RL,AllPub,1Story,GasA,Ex,Y,4,10,1,Attchd,Y,430000
RL,AllPub,1.5Fin,GasA,Ex,Y,4,8,0,Detchd,N,184000
RL,AllPub,1Story,GasA,Ex,Y,3,5,0,Attchd,Y,130000
RL,AllPub,1Story,GasA,Fa,Y,2,5,0,Attchd,Y,120000
RM,AllPub,2Story,GasA,TA,Y,3,7,0,Detchd,Y,113000
FV,AllPub,2Story,GasA,Gd,Y,3,7,0,Attchd,Y,226700
RL,AllPub,1Story,GasA,Ex,Y,2,6,0,Detchd,Y,140000
RL,AllPub,1Story,GasA,TA,Y,1,6,2,Attchd,Y,289000
RL,AllPub,2Story,GasA,TA,Y,3,6,1,Attchd,Y,147000
RM,AllPub,2Story,GasA,Gd,Y,4,10,0,Detchd,N,124500
RL,AllPub,2Story,GasA,Ex,Y,3,8,1,Attchd,Y,215000
FV,AllPub,1Story,GasA,Ex,Y,2,4,0,Attchd,Y,208300
RM,AllPub,2Story,GasA,Ex,Y,3,7,1,Detchd,N,161000
RL,AllPub,1Story,GasA,Ex,Y,3,6,0,Attchd,Y,124500
RL,AllPub,1Story,GasA,Ex,Y,2,6,2,CarPort,Y,164900
RL,AllPub,1Story,GasA,Ex,Y,2,6,1,Attchd,Y,202665
RL,AllPub,1Story,GasA,TA,Y,3,5,0,Detchd,Y,129900
RL,AllPub,1Story,GasA,TA,Y,3,5,0,Attchd,Y,134000
RL,AllPub,1.5Unf,Grav,Fa,N,2,5,0,Detchd,Y,96500
RL,AllPub,1Story,GasA,Ex,Y,3,9,1,Attchd,Y,402861
RL,AllPub,SLvl,GasA,TA,Y,3,7,1,Attchd,Y,158000
RL,AllPub,2Story,GasA,Ex,Y,3,7,1,Attchd,Y,265000
RL,AllPub,2Story,GasA,Ex,Y,3,7,0,Attchd,Y,211000
RL,AllPub,2Story,GasA,Ex,Y,3,9,2,Detchd,Y,234000
RL,AllPub,2Story,GasA,TA,N,3,7,0,NA,N,106250
RL,AllPub,1Story,GasA,Ex,Y,3,6,2,Attchd,Y,150000
RM,AllPub,1.5Fin,GasA,Ex,Y,3,7,2,Detchd,Y,159000
RL,AllPub,2Story,GasA,Ex,Y,3,11,1,BuiltIn,Y,184750
RL,AllPub,2Story,GasA,Ex,Y,3,8,1,Attchd,Y,315750
FV,AllPub,1Story,GasA,Ex,Y,3,6,1,Attchd,Y,176000
RL,AllPub,1Story,GasA,TA,Y,2,4,0,Attchd,Y,132000
RL,AllPub,2Story,GasA,Ex,Y,3,11,1,Attchd,Y,446261
RL,AllPub,1Story,GasA,Ex,Y,2,5,0,NA,N,86000
RL,AllPub,1Story,GasA,TA,Y,4,9,2,Attchd,Y,200624
RL,AllPub,SLvl,GasA,Ex,Y,3,5,1,Attchd,Y,175000
RM,AllPub,2Story,GasA,Ex,Y,3,6,0,Detchd,Y,128000
RL,AllPub,1Story,GasA,Ex,Y,2,5,1,Detchd,Y,107500
RL,AllPub,1Story,GasA,Fa,N,1,2,0,NA,N,39300
RL,AllPub,2Story,GasA,Ex,Y,3,6,1,Attchd,Y,178000
RL,AllPub,2Story,GasA,TA,Y,3,5,0,NA,N,107500
RL,AllPub,2Story,GasA,Ex,Y,3,8,0,Attchd,Y,188000
RL,AllPub,1Story,GasA,TA,Y,3,5,0,Detchd,Y,111250
RL,AllPub,1Story,GasA,TA,Y,3,7,1,Attchd,Y,158000
RL,AllPub,1Story,GasA,Ex,Y,3,6,1,Attchd,Y,272000
RL,AllPub,1Story,GasA,Ex,Y,2,8,1,Attchd,Y,315000
RL,AllPub,2Story,GasA,Ex,Y,4,8,1,BuiltIn,Y,248000
RL,AllPub,1Story,GasA,Ex,Y,3,7,1,Attchd,Y,213250
RH,AllPub,SFoyer,GasA,Ex,Y,1,4,0,Attchd,Y,133000
RL,AllPub,2Story,GasA,Ex,Y,3,7,1,Attchd,Y,179665
RL,AllPub,1.5Fin,GasA,Gd,Y,4,9,0,Attchd,Y,229000
RL,AllPub,1.5Fin,GasA,Ex,Y,3,6,1,Detchd,Y,210000
RL,AllPub,SFoyer,GasA,Ex,Y,2,5,0,Detchd,Y,129500
RM,AllPub,1Story,GasA,TA,Y,2,4,0,Detchd,Y,125000
FV,AllPub,2Story,GasA,Ex,Y,4,8,1,BuiltIn,Y,263000
RL,AllPub,1Story,GasA,TA,Y,2,4,0,Attchd,Y,140000
RM,AllPub,1Story,GasA,Gd,Y,3,5,0,Attchd,Y,112500
RL,AllPub,1Story,GasA,Ex,Y,3,7,1,Attchd,Y,255500
RL,AllPub,1Story,GasA,Ex,Y,2,5,0,Detchd,N,108000
RL,AllPub,2Story,GasA,Ex,Y,3,8,1,BuiltIn,Y,284000
RM,AllPub,1.5Unf,GasA,TA,Y,2,5,1,Detchd,Y,113000
RL,AllPub,1Story,GasA,TA,Y,2,6,1,Attchd,Y,141000
C (all),AllPub,1.5Fin,GasA,Gd,Y,3,7,0,CarPort,Y,108000
RL,AllPub,2Story,GasA,Ex,Y,3,6,1,Attchd,Y,175000
RL,AllPub,1Story,GasA,Ex,Y,2,7,1,Attchd,Y,234000
RL,AllPub,1Story,GasA,TA,Y,3,5,1,Detchd,Y,121500
RL,AllPub,1Story,GasA,Gd,Y,2,6,1,Attchd,Y,170000
RL,AllPub,1Story,GasA,Ex,Y,3,6,1,NA,Y,108000
RL,AllPub,1.5Fin,GasA,Ex,Y,4,8,1,Detchd,N,185000
RL,AllPub,2Story,GasA,Ex,Y,4,9,1,Attchd,Y,268000
RL,AllPub,2Story,GasA,TA,N,4,6,0,Detchd,Y,128000
RL,AllPub,2Story,GasA,Ex,Y,4,11,1,BuiltIn,Y,325000
RL,AllPub,1Story,GasA,Ex,Y,3,7,0,Attchd,Y,214000
RL,AllPub,1.5Fin,GasA,Ex,Y,1,5,1,BuiltIn,Y,316600
RL,AllPub,SFoyer,GasA,TA,Y,2,4,2,Detchd,Y,135960
RL,AllPub,1Story,GasA,TA,Y,6,10,0,Detchd,Y,142600
RL,AllPub,1Story,GasA,Ex,Y,2,4,0,Attchd,Y,120000
RL,AllPub,2Story,GasA,Gd,Y,3,6,0,Attchd,Y,224500
RL,AllPub,SLvl,GasA,Ex,Y,3,8,1,BuiltIn,Y,170000
RL,AllPub,SLvl,GasA,TA,Y,3,5,0,BuiltIn,Y,139000
RL,AllPub,1.5Fin,GasA,TA,Y,2,6,0,Detchd,Y,118500
RL,AllPub,1.5Fin,GasA,Gd,Y,3,6,1,Detchd,Y,145000
RL,AllPub,SLvl,GasA,Ex,Y,3,6,2,Attchd,Y,164500
FV,AllPub,2Story,GasA,Ex,Y,2,5,0,Detchd,Y,146000
RM,AllPub,1.5Fin,GasA,Ex,N,4,7,0,Attchd,Y,131500
RL,AllPub,1Story,GasA,Ex,Y,3,7,2,Attchd,Y,181900
RL,AllPub,1Story,GasA,Ex,Y,3,8,1,Attchd,Y,253293
RL,AllPub,SFoyer,GasA,TA,Y,3,5,0,NA,Y,118500
RM,AllPub,2.5Unf,GasA,Gd,Y,3,9,1,Detchd,Y,325000
RM,AllPub,1.5Fin,GasA,Ex,Y,3,6,0,Detchd,Y,133000
RL,AllPub,1Story,GasA,Ex,Y,2,7,2,Attchd,Y,369900
RL,AllPub,1Story,GasA,Ex,Y,2,5,0,Detchd,N,130000
RL,AllPub,SFoyer,GasA,TA,Y,2,4,0,Detchd,Y,137000
RL,AllPub,1Story,GasA,Ex,Y,1,5,2,Attchd,Y,143000
RM,AllPub,1Story,GasA,TA,Y,2,4,0,Detchd,P,79500
RL,AllPub,2Story,GasA,Ex,Y,3,6,0,Attchd,Y,185900
RL,AllPub,2Story,GasA,Ex,Y,3,10,1,BuiltIn,Y,451950
RL,AllPub,1Story,GasA,Ex,Y,2,4,0,Detchd,Y,138000
RM,AllPub,1Story,GasA,Ex,Y,1,4,0,Attchd,Y,140000
RL,AllPub,1Story,GasA,TA,Y,3,5,0,Detchd,Y,110000
RL,AllPub,1Story,GasA,Ex,Y,3,7,1,Attchd,Y,319000
RM,AllPub,2Story,GasA,Ex,N,3,7,0,Detchd,N,114504
RL,AllPub,1Story,GasA,Ex,Y,2,7,1,Attchd,Y,194201
RL,AllPub,1Story,GasA,Ex,Y,3,7,1,Attchd,Y,217500
RM,AllPub,2Story,GasA,TA,Y,3,6,1,Attchd,Y,151000
RL,AllPub,2Story,GasA,Ex,Y,3,8,1,BuiltIn,Y,275000
RM,AllPub,1.5Fin,GasA,TA,Y,3,6,1,Detchd,P,141000
RL,AllPub,2Story,GasA,Ex,Y,3,8,1,Attchd,Y,220000
FV,AllPub,2Story,GasA,Ex,Y,2,4,0,Detchd,Y,151000
RL,AllPub,1Story,GasA,Ex,Y,3,6,1,Attchd,Y,221000
RL,AllPub,2Story,GasA,TA,Y,3,7,3,Attchd,Y,205000
RL,AllPub,1Story,GasA,Gd,Y,3,6,0,Detchd,Y,152000
RL,AllPub,2Story,GasA,Ex,Y,3,8,0,Attchd,Y,225000
RL,AllPub,2Story,GasA,TA,Y,4,10,2,Basment,Y,359100
RL,AllPub,1Story,GasA,Gd,Y,3,5,0,Attchd,Y,118500
RL,AllPub,2Story,GasA,Ex,Y,3,8,2,Attchd,Y,313000
RL,AllPub,SLvl,GasA,TA,Y,3,6,1,Attchd,Y,148000
RL,AllPub,2Story,GasA,Ex,Y,3,7,1,BuiltIn,Y,261500
RL,AllPub,1Story,GasA,Ex,Y,3,6,0,NA,Y,147000
RM,AllPub,SFoyer,GasA,Ex,Y,1,3,0,NA,Y,75500
RL,AllPub,SFoyer,GasA,Ex,Y,3,6,0,Attchd,Y,137500
RL,AllPub,2Story,GasA,Ex,Y,3,7,1,Attchd,Y,183200
RL,AllPub,1.5Unf,GasA,Gd,Y,2,4,0,Detchd,Y,105500
RL,AllPub,1Story,GasA,Ex,Y,3,9,1,Attchd,Y,314813
RL,AllPub,2Story,GasA,Ex,Y,4,10,2,Attchd,Y,305000
RL,AllPub,1Story,GasA,TA,N,2,5,0,NA,N,67000
RL,AllPub,2Story,GasA,TA,Y,4,9,1,Attchd,Y,240000
RL,AllPub,1Story,GasA,TA,Y,3,6,0,Detchd,Y,135000
FV,AllPub,2Story,GasA,Ex,Y,2,4,1,Detchd,Y,168500
RL,AllPub,2Story,GasA,Gd,Y,4,8,1,Attchd,Y,165150
RL,AllPub,1Story,GasA,TA,Y,3,5,0,Attchd,Y,160000
RL,AllPub,1Story,GasA,TA,Y,3,6,1,Attchd,Y,139900
RL,AllPub,SLvl,GasA,Ex,Y,3,7,2,Basment,Y,153000
RL,AllPub,2Story,GasA,TA,Y,5,9,2,Attchd,Y,135000
RL,AllPub,SLvl,GasA,TA,Y,3,6,0,Attchd,Y,168500
RM,AllPub,2Story,GasA,TA,Y,3,8,0,Detchd,N,124000
RL,AllPub,1Story,GasA,Ex,Y,2,6,1,Attchd,Y,209500
RL,AllPub,1Story,GasA,TA,Y,3,6,1,Attchd,Y,82500
RL,AllPub,1Story,GasA,TA,Y,3,6,0,Attchd,Y,139400
RL,AllPub,SFoyer,GasA,Gd,Y,0,4,0,Detchd,Y,144000
RH,AllPub,2.5Fin,GasA,Ex,Y,8,14,0,NA,N,200000
RM,AllPub,1Story,Grav,Fa,N,1,4,1,NA,N,60000
RM,AllPub,1.5Fin,GasA,TA,Y,3,7,0,BuiltIn,Y,93000
RL,AllPub,1Story,GasA,Gd,Y,2,4,0,NA,P,85000
RL,AllPub,1Story,GasA,Ex,Y,1,7,1,Attchd,Y,264561
RL,AllPub,1Story,GasA,Ex,Y,1,6,1,Attchd,Y,274000
FV,AllPub,2Story,GasA,Ex,Y,3,7,1,Attchd,Y,226000
RL,AllPub,SLvl,GasA,Gd,Y,4,9,3,Attchd,Y,345000
RL,AllPub,2Story,GasA,Ex,Y,4,7,0,Attchd,Y,152000
FV,AllPub,1Story,GasA,Ex,Y,2,7,1,Attchd,Y,370878
RL,AllPub,1Story,GasA,TA,Y,3,5,0,Detchd,Y,143250
RL,AllPub,1Story,GasA,Gd,Y,3,7,0,Detchd,Y,98300
RL,AllPub,1Story,GasA,Ex,Y,3,5,2,Attchd,Y,155000
RL,AllPub,2Story,GasA,TA,Y,4,7,1,Attchd,Y,155000
RM,AllPub,SFoyer,GasA,Gd,Y,1,3,0,NA,Y,84500
FV,AllPub,2Story,GasA,Ex,Y,3,7,0,Attchd,Y,205950
RL,AllPub,2Story,GasA,TA,Y,4,7,1,Detchd,P,108000
RL,AllPub,2Story,GasA,Ex,Y,2,7,1,Attchd,Y,191000
RM,AllPub,1.5Fin,GasA,Ex,Y,3,7,0,Detchd,Y,135000
RL,AllPub,1Story,GasA,Ex,Y,2,7,1,Attchd,Y,350000
RM,AllPub,2Story,GasA,TA,Y,3,6,0,Detchd,Y,88000
RL,AllPub,1Story,GasA,Ex,Y,3,5,0,Attchd,Y,145500
RL,AllPub,2Story,GasA,TA,Y,3,6,1,Attchd,P,149000
RL,AllPub,1.5Fin,GasA,TA,Y,3,6,1,Attchd,Y,97500
RL,AllPub,1Story,GasA,Ex,Y,3,7,0,Detchd,Y,167000
RL,AllPub,2Story,GasA,TA,Y,3,7,1,Attchd,Y,197900
RL,AllPub,2Story,GasA,Ex,Y,4,8,1,Attchd,Y,402000
RL,AllPub,1Story,GasA,Gd,Y,2,5,2,Attchd,Y,110000
RL,AllPub,SFoyer,GasA,TA,Y,3,6,0,Detchd,Y,137500
RL,AllPub,1Story,GasA,Ex,Y,1,8,1,Attchd,Y,423000
RL,AllPub,2Story,GasA,Ex,Y,3,7,1,Attchd,Y,230500
RL,AllPub,2Story,GasA,TA,Y,3,7,1,CarPort,Y,129000
RL,AllPub,1Story,GasA,Ex,Y,3,7,1,Attchd,Y,193500
RL,AllPub,1Story,GasA,Gd,Y,3,6,1,Detchd,Y,168000
RL,AllPub,1Story,GasA,Ex,Y,2,5,1,Detchd,Y,137500
RL,AllPub,2Story,GasA,Ex,Y,3,7,0,Attchd,Y,173500
RH,AllPub,2Story,GasA,TA,N,3,6,0,Detchd,Y,103600
RL,AllPub,1Story,GasA,TA,Y,3,6,1,Attchd,Y,165000
RL,AllPub,1Story,GasA,Ex,Y,3,7,2,Attchd,Y,257500
RL,AllPub,1Story,GasA,TA,Y,3,5,1,Attchd,Y,140000
RL,AllPub,2Story,GasA,TA,Y,3,7,1,Attchd,Y,148500
RM,AllPub,2Story,GasW,Fa,N,4,8,0,2Types,N,87000
RL,AllPub,1Story,GasA,Ex,Y,2,5,0,Detchd,N,109500
RL,AllPub,1Story,GasA,Ex,Y,3,7,1,Attchd,Y,372500
RL,AllPub,1Story,GasA,TA,Y,3,5,0,Detchd,Y,128500
RL,AllPub,1Story,GasA,TA,Y,2,5,1,Attchd,Y,143000
RH,AllPub,1.5Fin,GasA,Ex,Y,3,6,0,Detchd,Y,159434
RL,AllPub,1Story,GasA,Ex,Y,2,6,1,Attchd,Y,173000
RL,AllPub,1Story,GasA,Ex,Y,3,7,1,Attchd,Y,285000
RL,AllPub,2Story,GasA,Gd,Y,4,7,0,Attchd,Y,221000
RL,AllPub,2Story,GasA,Gd,Y,3,6,1,Attchd,Y,207500
FV,AllPub,2Story,GasA,Ex,Y,3,7,0,Attchd,Y,227875
FV,AllPub,2Story,GasA,Ex,Y,2,4,0,Detchd,Y,148800
RL,AllPub,1Story,GasA,Ex,Y,2,7,1,Attchd,Y,392000
RL,AllPub,1Story,GasA,Ex,Y,2,6,1,Attchd,Y,194700
RM,AllPub,1Story,GasA,Ex,Y,1,3,1,Attchd,Y,141000
RL,AllPub,2Story,GasA,Ex,Y,4,10,2,Attchd,Y,755000
RL,AllPub,2Story,GasA,Ex,Y,4,9,2,Attchd,Y,335000
RL,AllPub,1Story,GasA,Ex,Y,2,4,0,Detchd,Y,108480
RM,AllPub,1.5Fin,GasA,TA,Y,3,5,0,Detchd,Y,141500
RL,AllPub,1Story,GasA,Gd,Y,2,5,1,Attchd,Y,176000
RM,AllPub,1Story,GasA,Gd,Y,2,4,0,Detchd,Y,89000
RL,AllPub,1Story,GasA,Fa,Y,2,6,0,Detchd,Y,123500
RL,AllPub,1Story,GasA,Ex,Y,3,5,1,Detchd,Y,138500
FV,AllPub,1Story,GasA,Ex,Y,2,5,0,Attchd,Y,196000
RL,AllPub,1Story,GasA,Ex,Y,3,7,1,Attchd,Y,312500
RL,AllPub,1Story,GasA,TA,Y,3,6,0,Attchd,Y,140000
RL,AllPub,2Story,GasA,Ex,Y,4,10,1,BuiltIn,Y,361919
RM,AllPub,2Story,GasA,Gd,Y,4,8,1,Detchd,N,140000
RL,AllPub,1Story,GasA,Ex,Y,3,7,0,Attchd,Y,213000
RM,AllPub,2Story,GasA,Fa,N,3,7,0,NA,N,55000
RL,AllPub,1Story,GasA,TA,Y,2,5,2,Attchd,Y,302000
RL,AllPub,1Story,GasA,Ex,Y,2,6,1,Attchd,Y,254000
RL,AllPub,2Story,GasA,Ex,Y,3,8,1,Attchd,Y,179540
RL,AllPub,1Story,GasA,TA,Y,3,6,0,Attchd,Y,109900
RL,AllPub,1Story,GasA,Gd,Y,2,5,0,NA,N,52000
C (all),AllPub,1.5Fin,GasA,Gd,Y,2,7,0,Detchd,N,102776
RL,AllPub,1Story,GasA,Gd,Y,2,5,1,Attchd,Y,189000
RL,AllPub,1Story,GasW,TA,N,3,6,0,Detchd,Y,129000
RL,AllPub,2Story,GasA,Ex,Y,3,6,0,Attchd,Y,130500
RL,AllPub,1Story,GasA,TA,Y,3,7,1,Attchd,Y,165000
RM,AllPub,2Story,GasA,Ex,Y,3,8,0,Detchd,P,159500
RL,AllPub,1Story,GasA,Gd,Y,3,5,1,Attchd,Y,157000
RL,AllPub,2Story,GasA,Ex,Y,3,9,1,Attchd,Y,341000
RL,AllPub,1Story,GasA,TA,Y,3,5,1,Attchd,Y,128500
RL,AllPub,1Story,GasA,TA,Y,2,5,1,Attchd,Y,275000
RM,AllPub,1Story,GasA,Ex,Y,1,3,0,Attchd,Y,143000
RL,AllPub,1Story,GasA,Ex,Y,3,5,0,Detchd,Y,124500
RL,AllPub,1.5Fin,GasA,Ex,Y,4,7,0,Detchd,Y,135000
RL,AllPub,1Story,GasA,Ex,Y,3,8,1,Attchd,Y,320000
RL,AllPub,1Story,GasA,TA,Y,3,5,0,Detchd,Y,120500
RL,AllPub,1Story,GasA,Ex,Y,3,5,1,Attchd,Y,222000
RL,AllPub,1Story,GasA,Ex,Y,2,6,0,Attchd,Y,194500
RL,AllPub,1Story,GasA,TA,Y,4,9,0,Detchd,Y,110000
RM,AllPub,1.5Fin,GasA,TA,Y,2,5,0,Detchd,Y,103000
RL,AllPub,1Story,GasA,Ex,Y,2,5,1,Attchd,Y,236500
RL,AllPub,SLvl,GasA,Ex,Y,3,6,1,Attchd,Y,187500
RL,AllPub,2Story,GasA,Ex,Y,3,8,1,Attchd,Y,222500
RL,AllPub,1Story,GasA,Ex,Y,3,6,1,Attchd,Y,131400
RL,AllPub,1Story,GasA,TA,Y,3,6,0,Attchd,Y,108000
RM,AllPub,2.5Unf,GasW,Fa,N,2,6,2,Detchd,N,163000
RL,AllPub,1Story,GasA,Gd,N,2,6,0,Detchd,Y,93500
RL,AllPub,2Story,GasA,Ex,Y,3,8,1,Attchd,Y,239900
RL,AllPub,1Story,GasA,TA,Y,3,5,0,NA,Y,179000
RL,AllPub,2Story,GasA,Ex,Y,3,7,0,Attchd,Y,190000
RM,AllPub,2Story,GasA,Ex,Y,2,7,0,Detchd,Y,132000
RL,AllPub,1Story,GasA,Gd,Y,3,5,0,Detchd,Y,142000
RL,AllPub,1Story,GasA,Ex,Y,3,6,0,Attchd,Y,179000
RL,AllPub,SLvl,GasA,Ex,Y,3,6,1,Attchd,Y,175000
RL,AllPub,1Story,GasA,Gd,Y,2,5,1,Attchd,Y,180000
RL,AllPub,2Story,GasA,Ex,Y,4,11,2,BuiltIn,Y,299800
RL,AllPub,2Story,GasA,Ex,Y,4,8,1,BuiltIn,Y,236000
RM,AllPub,2Story,GasW,TA,N,4,8,1,Detchd,N,265979
RL,AllPub,1Story,GasA,Ex,Y,3,7,1,Attchd,Y,260400
RL,AllPub,1.5Fin,Wall,TA,N,4,9,0,Detchd,N,98000
RM,AllPub,1.5Fin,GasA,Gd,Y,3,7,0,NA,N,96500
RL,AllPub,2Story,GasA,Ex,Y,3,6,0,Attchd,Y,162000
RL,AllPub,1Story,GasA,Ex,Y,3,6,0,Attchd,Y,217000
RL,AllPub,2Story,GasA,Gd,Y,3,8,1,Attchd,Y,275500
RL,AllPub,1Story,GasA,Gd,Y,3,5,0,Detchd,Y,156000
FV,AllPub,2Story,GasA,Gd,Y,3,6,0,Detchd,Y,172500
RL,AllPub,2Story,GasA,Ex,Y,3,7,0,Attchd,Y,212000
RL,AllPub,2Story,GasA,TA,Y,3,6,1,Attchd,Y,158900
FV,AllPub,2Story,GasA,Gd,Y,3,6,0,Detchd,Y,179400
RL,AllPub,2Story,GasA,Ex,Y,4,9,1,Attchd,Y,290000
RL,AllPub,1Story,GasA,Ex,Y,2,5,0,Detchd,Y,127500
RM,AllPub,1Story,GasA,TA,Y,2,5,0,Detchd,Y,100000
FV,AllPub,2Story,GasA,Ex,Y,3,7,0,Attchd,Y,215200
RL,AllPub,2Story,GasA,Ex,Y,3,8,1,Attchd,Y,337000
RL,AllPub,1Story,GasA,Ex,Y,2,6,1,Attchd,Y,270000
RL,AllPub,1Story,GasA,Ex,Y,2,6,1,Attchd,Y,264132
RL,AllPub,2Story,GasA,TA,Y,3,7,1,Attchd,Y,196500
RL,AllPub,1.5Fin,GasA,Ex,Y,4,7,0,Attchd,Y,160000
RL,AllPub,1Story,GasA,Ex,Y,3,8,1,Attchd,Y,216837
RL,AllPub,2Story,GasA,Ex,Y,4,12,1,BuiltIn,Y,538000
RL,AllPub,SFoyer,GasA,TA,Y,2,5,0,Detchd,Y,134900
RL,AllPub,1Story,GasA,TA,Y,2,6,0,Detchd,Y,102000
RL,AllPub,SLvl,GasA,TA,Y,3,6,1,Detchd,Y,107000
RL,AllPub,1Story,GasA,Ex,Y,2,5,0,Attchd,Y,114500
RL,AllPub,1Story,GasA,Gd,Y,3,9,1,Attchd,Y,395000
RM,AllPub,1Story,GasA,Ex,Y,2,5,0,Attchd,Y,162000
RL,AllPub,1Story,GasA,Ex,Y,3,7,0,Attchd,Y,221500
RL,AllPub,1Story,GasA,TA,Y,3,5,1,Attchd,Y,142500
RH,AllPub,1Story,GasA,TA,Y,4,10,2,Detchd,Y,144000
RL,AllPub,SFoyer,GasA,TA,Y,2,4,0,Attchd,Y,135000
RL,AllPub,1Story,GasA,Gd,Y,3,6,1,Attchd,Y,176000
RL,AllPub,2Story,GasA,Ex,Y,3,7,0,Attchd,Y,175900
RL,AllPub,1Story,GasA,Ex,Y,3,6,0,Attchd,Y,187100
RL,AllPub,SFoyer,GasA,Ex,Y,1,4,1,Attchd,Y,165500
RM,AllPub,2.5Unf,GasA,Ex,Y,3,9,1,NA,Y,128000
RL,AllPub,1Story,GasA,TA,Y,3,7,1,Attchd,Y,161500
RM,AllPub,1.5Fin,GasA,TA,Y,4,7,0,Detchd,Y,139000
RL,AllPub,2Story,GasA,Ex,Y,4,8,0,BuiltIn,Y,233000
RM,AllPub,1Story,GasA,Ex,Y,2,4,0,Detchd,Y,107900
RL,AllPub,2Story,GasA,Gd,Y,5,9,0,Attchd,Y,187500
RL,AllPub,1Story,GasA,Ex,Y,2,5,1,Attchd,Y,160200
RL,AllPub,SLvl,GasA,TA,Y,3,5,2,Attchd,Y,146800
RL,AllPub,2Story,GasA,Ex,Y,3,8,1,Attchd,Y,269790
RL,AllPub,1Story,GasA,Ex,Y,3,7,0,Attchd,Y,225000
RL,AllPub,2Story,GasA,Ex,Y,3,7,1,Attchd,Y,194500
RL,AllPub,2Story,GasA,TA,Y,3,7,1,Attchd,Y,171000
RL,AllPub,1Story,GasA,Ex,Y,3,7,1,Attchd,Y,143500
RL,AllPub,1Story,GasA,Gd,Y,2,4,0,Attchd,Y,110000
RL,AllPub,2Story,GasA,Ex,Y,4,11,2,BuiltIn,Y,485000
RL,AllPub,1.5Fin,GasA,Ex,Y,3,7,2,Detchd,Y,175000
RL,AllPub,2Story,GasA,Gd,Y,4,8,0,Attchd,Y,200000
RM,AllPub,1Story,GasA,Ex,Y,2,5,0,Detchd,Y,109900
RL,AllPub,2Story,GasA,Ex,Y,3,7,1,Attchd,Y,189000
RL,AllPub,2Story,GasA,Ex,Y,4,12,1,BuiltIn,Y,582933
RL,AllPub,1Story,GasA,TA,Y,2,5,0,Attchd,Y,118000
RL,AllPub,1Story,GasA,Ex,Y,3,6,0,Attchd,Y,227680
RL,AllPub,SLvl,GasA,Gd,Y,3,6,0,Attchd,Y,135500
RL,AllPub,2Story,GasA,Ex,Y,3,6,1,Attchd,Y,223500
RL,AllPub,SLvl,GasA,TA,Y,3,6,1,Attchd,Y,159950
RM,AllPub,2.5Unf,GasA,TA,N,2,11,0,Detchd,N,106000
RL,AllPub,1Story,GasA,Fa,Y,3,5,1,Attchd,Y,181000
RM,AllPub,1Story,GasA,Ex,Y,1,4,1,Attchd,Y,144500
C (all),AllPub,1Story,GasA,TA,N,2,4,0,Basment,N,55993
RL,AllPub,1Story,GasA,Gd,Y,4,7,0,Attchd,Y,157900
RL,AllPub,1.5Fin,GasW,Gd,Y,3,7,0,Detchd,P,116000
RL,AllPub,1Story,GasA,Ex,Y,3,6,0,Attchd,Y,224900
RL,AllPub,1Story,GasA,Gd,Y,2,4,1,Attchd,Y,137000
RL,AllPub,1Story,GasA,Ex,Y,3,7,2,Attchd,Y,271000
RL,AllPub,SLvl,GasA,Gd,Y,3,6,0,Attchd,Y,155000
RL,AllPub,1Story,GasA,Ex,Y,2,6,1,Attchd,Y,224000
RL,AllPub,2Story,GasA,Ex,Y,3,6,0,Attchd,Y,183000
RM,AllPub,1Story,GasA,TA,N,2,4,0,Detchd,Y,93000
RL,AllPub,2Story,GasA,Ex,Y,3,7,1,BuiltIn,Y,225000
RL,AllPub,1.5Fin,GasA,TA,Y,3,7,1,Detchd,Y,139500
FV,AllPub,1Story,GasA,Ex,Y,3,7,1,Attchd,Y,232600
RL,AllPub,1Story,GasA,Ex,Y,2,7,1,Attchd,Y,385000
RM,AllPub,1.5Unf,GasA,Gd,Y,2,5,0,NA,Y,109500
RL,AllPub,1Story,GasA,Ex,Y,3,6,1,Attchd,Y,189000
RL,AllPub,2Story,GasA,TA,Y,3,7,0,Attchd,Y,185000
FV,AllPub,2Story,GasA,Ex,Y,2,4,0,Detchd,Y,147400
RL,AllPub,1Story,GasA,TA,Y,3,6,2,Attchd,Y,166000
FV,AllPub,2Story,GasA,Ex,Y,2,4,0,Detchd,Y,151000
RL,AllPub,2Story,GasA,Ex,Y,3,7,1,Attchd,Y,237000
RL,AllPub,1Story,GasA,TA,Y,3,6,0,Attchd,Y,167000
RL,AllPub,1Story,GasA,Gd,Y,3,6,0,Attchd,Y,139950
RL,AllPub,1Story,GasA,TA,Y,2,4,0,Attchd,Y,128000
RM,AllPub,1Story,GasA,Gd,Y,2,5,0,Detchd,Y,153500
RM,AllPub,2Story,GasA,TA,Y,2,5,0,Detchd,Y,100000
RL,AllPub,1Story,GasA,Ex,Y,3,6,0,Attchd,Y,144000
RL,AllPub,1.5Fin,GasA,Ex,Y,3,6,0,Detchd,Y,130500
RH,AllPub,2Story,GasA,TA,N,4,7,0,Detchd,P,140000
RM,AllPub,2Story,GasA,Gd,Y,3,8,1,Detchd,P,157500
RL,AllPub,SLvl,GasA,TA,Y,3,6,0,Attchd,Y,174900
RL,AllPub,1Story,GasA,Ex,N,6,10,0,NA,Y,141000
RM,AllPub,1.5Fin,GasA,Gd,Y,4,7,1,Detchd,Y,153900
RL,AllPub,SFoyer,GasA,TA,Y,3,6,2,Basment,Y,171000
RL,AllPub,2Story,GasA,Ex,Y,3,7,1,Attchd,Y,213000
RL,AllPub,1Story,GasA,Ex,Y,3,5,1,Attchd,Y,133500
RL,AllPub,1.5Fin,GasA,TA,Y,5,10,1,Detchd,Y,240000
RL,AllPub,SLvl,GasA,Ex,Y,3,7,1,Attchd,Y,187000
RM,AllPub,1Story,GasA,Ex,Y,1,3,0,Attchd,Y,131500
RL,AllPub,1Story,GasA,Ex,Y,2,7,1,Attchd,Y,215000
RL,AllPub,2.5Unf,GasA,Gd,Y,4,7,2,Detchd,Y,164000
RL,AllPub,SLvl,GasA,TA,Y,3,7,1,Attchd,Y,158000
RL,AllPub,1Story,GasA,TA,Y,3,6,1,Attchd,Y,170000
RL,AllPub,1Story,GasA,Ex,Y,3,6,0,Detchd,Y,127000
RL,AllPub,SLvl,GasA,TA,Y,3,5,0,Detchd,Y,147000
RL,AllPub,2Story,GasA,Gd,Y,3,6,1,Attchd,Y,174000
RL,AllPub,1Story,GasA,TA,Y,3,6,1,Attchd,Y,152000
RL,AllPub,2Story,GasA,TA,Y,4,9,1,Attchd,Y,250000
RL,AllPub,1.5Fin,GasA,Gd,Y,3,7,1,Detchd,Y,189950
RL,AllPub,1Story,GasA,Ex,Y,3,6,0,Attchd,Y,131500
RL,AllPub,1Story,GasA,TA,Y,3,6,0,Attchd,Y,152000
RL,AllPub,1Story,GasA,TA,Y,3,6,0,Attchd,Y,132500
FV,AllPub,1Story,GasA,Ex,Y,3,6,0,Attchd,Y,250580
RL,AllPub,1Story,GasA,TA,Y,3,5,0,Detchd,Y,148500
RL,AllPub,1Story,GasA,Ex,Y,3,6,1,Attchd,Y,248900
RL,AllPub,1Story,GasA,TA,Y,3,5,0,Attchd,Y,129000
RL,AllPub,2Story,GasA,Gd,Y,2,7,1,Attchd,P,169000
RL,AllPub,2Story,GasA,Ex,Y,3,8,1,Attchd,Y,236000
RL,AllPub,1Story,GasA,Gd,N,2,5,0,Detchd,Y,109500
RL,AllPub,2Story,GasA,Ex,Y,3,7,0,Attchd,Y,200500
RL,AllPub,1Story,GasA,Gd,Y,3,5,0,Attchd,Y,116000
RL,AllPub,1Story,GasA,Gd,Y,3,6,1,Attchd,Y,133000
RM,AllPub,1.5Fin,GasA,Ex,Y,3,5,0,Detchd,Y,66500
FV,AllPub,2Story,GasA,Ex,Y,4,11,1,BuiltIn,Y,303477
RL,AllPub,1Story,GasA,Gd,Y,3,5,0,Attchd,Y,132250
RL,AllPub,2Story,GasA,Ex,Y,4,10,1,Attchd,Y,350000
RL,AllPub,SFoyer,GasA,TA,Y,3,6,0,Detchd,Y,148000
RL,AllPub,1Story,GasA,Ex,Y,3,6,0,Attchd,Y,136500
RL,AllPub,1Story,GasA,Gd,Y,2,5,0,Attchd,Y,157000
RL,AllPub,1.5Fin,GasA,Ex,Y,3,7,1,Attchd,Y,187500
RL,AllPub,2Story,GasA,Gd,Y,3,7,1,BuiltIn,Y,178000
RL,AllPub,2.5Fin,GasA,TA,N,5,10,0,Detchd,Y,118500
RL,AllPub,1Story,GasA,TA,Y,3,5,0,Attchd,Y,100000
FV,AllPub,1Story,GasA,Ex,Y,2,5,1,Attchd,Y,328900
RL,AllPub,1Story,GasA,Ex,Y,4,8,0,Attchd,Y,145000
RL,AllPub,1.5Fin,GasA,TA,Y,3,8,0,Attchd,Y,135500
RL,AllPub,1Story,GasA,Ex,Y,4,8,1,Attchd,Y,268000
RL,AllPub,1Story,GasA,Ex,Y,2,6,1,Attchd,Y,149500
RL,AllPub,1.5Fin,GasA,Ex,Y,3,6,1,Detchd,Y,122900
RL,AllPub,2Story,GasA,Gd,Y,3,7,1,Attchd,Y,172500
RL,AllPub,1Story,GasA,TA,Y,3,6,0,Attchd,Y,154500
RL,AllPub,1Story,GasA,TA,Y,3,6,1,Attchd,Y,165000
RL,AllPub,1Story,GasA,TA,Y,4,8,0,Attchd,Y,118858
RL,AllPub,2Story,GasA,TA,Y,4,8,1,Attchd,Y,140000
RM,AllPub,1Story,GasA,Ex,N,2,6,0,Detchd,Y,106500
RL,AllPub,2Story,GasA,TA,Y,6,12,0,Detchd,Y,142953
RL,AllPub,1Story,GasA,Ex,Y,2,11,2,Attchd,Y,611657
RL,AllPub,1Story,GasA,TA,Y,3,6,1,Attchd,Y,135000
RL,AllPub,1Story,GasA,TA,Y,2,4,0,Detchd,Y,110000
RL,AllPub,1Story,GasA,TA,Y,2,5,0,Detchd,Y,153000
RL,AllPub,2Story,GasA,Ex,Y,3,8,1,Attchd,Y,180000
RL,AllPub,1Story,GasA,Ex,Y,3,7,1,Attchd,Y,240000
RL,AllPub,1Story,GasA,TA,Y,3,6,0,Attchd,Y,125500
RL,AllPub,1Story,GasA,TA,Y,3,6,0,Attchd,Y,128000
RL,AllPub,1Story,GasA,Ex,Y,3,8,1,Attchd,Y,255000
RL,AllPub,1.5Fin,GasA,Gd,Y,3,6,1,Attchd,Y,250000
RL,AllPub,1Story,GasA,TA,Y,2,5,0,Attchd,Y,131000
RL,AllPub,2Story,GasA,Ex,Y,3,8,1,Attchd,Y,174000
RL,AllPub,2Story,GasA,TA,Y,5,12,0,Detchd,Y,154300
RL,AllPub,1Story,GasA,TA,Y,3,5,0,Detchd,Y,143500
RM,AllPub,1Story,GasA,TA,N,3,6,0,Detchd,Y,88000
RH,AllPub,2Story,GasA,TA,N,4,8,0,2Types,Y,145000
FV,AllPub,2Story,GasA,Ex,Y,2,4,0,Detchd,Y,173733
RM,AllPub,2Story,GasA,Fa,Y,3,6,0,Attchd,Y,75000
C (all),AllPub,1Story,GasA,TA,N,1,4,0,Detchd,Y,35311
RL,AllPub,1Story,GasA,Ex,Y,3,6,0,Attchd,Y,135000
RL,AllPub,2Story,GasA,Ex,Y,4,8,1,Attchd,Y,238000
RL,AllPub,1Story,GasA,Ex,Y,3,6,1,Attchd,Y,176500
RL,AllPub,2Story,GasA,Ex,Y,3,7,0,Attchd,Y,201000
RL,AllPub,1.5Fin,GasA,Gd,Y,4,9,0,NA,N,145900
RL,AllPub,1Story,GasA,Ex,Y,3,6,1,Attchd,Y,169990
RL,AllPub,1Story,GasA,Ex,Y,2,5,1,Attchd,Y,193000
RL,AllPub,1Story,GasA,TA,Y,3,7,1,Attchd,Y,207500
RL,AllPub,1Story,GasA,TA,Y,3,6,0,Attchd,Y,175000
RL,AllPub,2Story,GasA,Ex,Y,4,10,1,BuiltIn,Y,285000
RL,AllPub,2Story,GasA,Gd,Y,4,9,1,Attchd,Y,176000
RL,AllPub,1Story,GasA,Ex,Y,3,7,1,Attchd,Y,236500
RL,AllPub,2Story,GasA,Gd,Y,4,8,1,BuiltIn,Y,222000
RL,AllPub,1Story,GasA,Ex,Y,3,7,0,Attchd,Y,201000
RL,AllPub,1Story,GasA,Ex,Y,2,5,0,Detchd,Y,117500
RL,AllPub,1Story,GasA,Ex,Y,3,8,1,Attchd,Y,320000
RL,AllPub,1Story,GasA,Ex,Y,3,6,0,Attchd,Y,190000
RL,AllPub,1Story,GasA,Ex,Y,4,9,1,Attchd,Y,242000
RL,AllPub,1Story,GasA,Gd,Y,1,5,0,Detchd,Y,79900
RL,AllPub,1Story,GasA,Ex,Y,2,5,0,Attchd,Y,184900
RL,AllPub,2Story,GasA,Ex,Y,3,8,1,Attchd,Y,253000
RL,AllPub,2Story,GasA,Ex,Y,3,7,0,Attchd,Y,239799
RL,AllPub,2Story,GasA,Ex,Y,4,10,2,Attchd,Y,244400
RL,AllPub,1Story,GasA,TA,Y,4,8,0,Attchd,Y,150900
RL,AllPub,2Story,GasA,Ex,Y,3,8,1,BuiltIn,Y,214000
RL,AllPub,1Story,GasA,TA,Y,4,8,0,NA,N,150000
RL,AllPub,1Story,GasA,TA,Y,4,8,0,Attchd,P,143000
RL,NoSeWa,SLvl,GasA,Gd,Y,3,7,1,Basment,Y,137500
RM,AllPub,1.5Fin,GasA,TA,Y,2,7,0,Detchd,Y,124900
RL,AllPub,SLvl,GasA,TA,Y,3,6,1,Attchd,Y,143000
RL,AllPub,1Story,GasA,Ex,Y,3,9,1,Attchd,Y,270000
RL,AllPub,2Story,GasA,Ex,Y,3,7,1,Attchd,Y,192500
RL,AllPub,1Story,GasA,TA,Y,3,5,1,Attchd,Y,197500
RL,AllPub,1Story,GasA,Gd,Y,3,5,0,Detchd,Y,129000
RH,AllPub,1Story,GasA,Gd,Y,3,6,0,Detchd,Y,119900
RL,AllPub,SFoyer,GasA,Gd,Y,2,5,0,Detchd,Y,133900
RL,AllPub,2Story,GasA,Ex,Y,4,7,1,Attchd,Y,172000
RL,AllPub,SFoyer,GasA,TA,Y,4,4,0,NA,Y,127500
RH,AllPub,2Story,GasA,TA,N,4,8,0,Attchd,Y,145000
RM,AllPub,2Story,GasA,TA,Y,2,5,1,Attchd,Y,124000
RL,AllPub,1Story,GasA,TA,Y,3,6,0,Detchd,Y,132000
RL,AllPub,1Story,GasA,Ex,Y,3,6,0,Attchd,Y,185000
FV,AllPub,2Story,GasA,Ex,Y,3,6,0,Detchd,Y,155000
RL,AllPub,1Story,GasA,Gd,Y,2,4,0,NA,Y,116500
RL,AllPub,2Story,GasA,TA,Y,4,11,1,Attchd,Y,272000
RL,AllPub,2Story,GasA,TA,Y,3,7,1,Detchd,Y,155000
RL,AllPub,1Story,GasA,Ex,Y,2,7,0,Attchd,Y,239000
RL,AllPub,2Story,GasA,Ex,Y,4,8,1,BuiltIn,Y,214900
RL,AllPub,2Story,GasA,Ex,Y,3,8,1,Attchd,Y,178900
RL,AllPub,1.5Fin,GasA,Ex,Y,2,7,2,Detchd,Y,160000
RL,AllPub,1Story,GasA,TA,Y,3,6,0,Attchd,Y,135000
RM,AllPub,1.5Fin,Grav,Fa,N,2,6,0,NA,Y,37900
RL,AllPub,SLvl,GasA,TA,Y,2,6,0,Attchd,Y,140000
RL,AllPub,1.5Fin,GasA,TA,N,4,6,0,NA,Y,135000
RL,AllPub,2Story,GasA,Ex,Y,2,6,0,BuiltIn,Y,173000
RL,AllPub,1Story,GasA,TA,Y,2,5,1,Attchd,Y,99500
FV,AllPub,1Story,GasA,Ex,Y,3,6,0,Attchd,Y,182000
RL,AllPub,2Story,GasA,TA,N,3,8,0,Detchd,Y,167500
FV,AllPub,2Story,GasA,Ex,Y,3,6,0,Detchd,Y,165000
RL,AllPub,1Story,GasA,TA,Y,2,4,0,NA,Y,85500
FV,AllPub,1Story,GasA,Ex,Y,1,4,0,Attchd,Y,199900
RL,AllPub,1Story,GasA,Ex,Y,3,5,0,Detchd,Y,110000
RL,AllPub,1Story,GasA,TA,Y,3,5,0,Detchd,Y,139000
RL,AllPub,SFoyer,GasA,Gd,Y,3,6,0,Attchd,Y,178400
RL,AllPub,2Story,GasA,Ex,Y,4,8,1,Attchd,Y,336000
RL,AllPub,1Story,GasA,Ex,Y,2,6,1,Attchd,Y,159895
RL,AllPub,2Story,GasA,Ex,Y,4,9,1,Attchd,Y,255900
RL,AllPub,1.5Fin,GasA,TA,Y,4,8,0,Attchd,Y,126000
RL,AllPub,1Story,GasW,TA,N,3,5,0,Detchd,Y,125000
RM,AllPub,1.5Fin,GasA,Gd,Y,2,5,0,Attchd,Y,117000
RL,AllPub,1Story,GasA,Ex,Y,3,8,1,Attchd,Y,395192
RL,AllPub,2Story,GasA,TA,Y,4,8,1,Attchd,Y,195000
FV,AllPub,2Story,GasA,Ex,Y,3,6,0,Attchd,Y,197000
RL,AllPub,2Story,GasA,Ex,Y,3,7,1,Attchd,Y,348000
RM,AllPub,2Story,GasA,Gd,Y,4,8,1,Attchd,P,168000
RL,AllPub,2Story,GasA,Gd,Y,3,7,1,Attchd,Y,187000
RL,AllPub,2Story,GasA,Ex,Y,3,6,0,Attchd,Y,173900
RL,AllPub,1Story,GasA,Ex,Y,3,7,1,Attchd,Y,337500
RL,AllPub,1.5Fin,GasA,TA,Y,3,5,0,Detchd,Y,121600
RL,AllPub,1Story,GasA,TA,Y,3,6,0,Attchd,Y,136500
RL,AllPub,1Story,GasA,TA,Y,2,6,1,Attchd,Y,185000
RM,AllPub,1Story,GasA,Fa,N,3,6,1,Detchd,P,91000
RL,AllPub,1Story,GasA,Ex,Y,2,6,0,Attchd,Y,206000
RL,AllPub,1Story,GasW,Fa,N,2,4,0,Detchd,Y,82000
RL,AllPub,1Story,GasA,Ex,Y,2,4,0,Detchd,N,86000
RL,AllPub,1Story,GasA,Ex,Y,3,7,1,Attchd,Y,232000
RL,AllPub,1Story,GasA,Fa,Y,4,8,0,Detchd,Y,136905
RL,AllPub,1Story,GasA,Ex,Y,1,7,1,Attchd,Y,181000
RL,AllPub,SLvl,GasA,TA,Y,3,6,0,Attchd,Y,149900
RL,AllPub,1Story,GasA,Gd,Y,3,7,1,Attchd,Y,163500
RM,AllPub,2Story,GasA,TA,Y,3,6,0,Attchd,Y,88000
RL,AllPub,1Story,GasA,Ex,Y,3,7,1,Attchd,Y,240000
RL,AllPub,1.5Fin,GasA,Ex,Y,4,7,0,NA,P,102000
RL,AllPub,1.5Fin,GasA,TA,Y,4,7,1,Attchd,Y,135000
RL,AllPub,1Story,GasA,TA,N,4,8,0,NA,Y,100000
RL,AllPub,2Story,GasA,TA,Y,3,7,2,Detchd,Y,165000
RM,AllPub,1Story,GasW,TA,N,2,4,0,Detchd,Y,85000
RL,AllPub,1Story,GasA,TA,Y,2,5,1,Detchd,Y,119200
RL,AllPub,2Story,GasA,Ex,Y,3,6,0,Attchd,Y,227000
RL,AllPub,1Story,GasA,Ex,Y,3,6,1,Attchd,Y,203000
RL,AllPub,1Story,GasA,Gd,Y,1,4,1,Attchd,Y,187500
RL,AllPub,SLvl,GasA,Gd,Y,3,7,1,Attchd,Y,160000
RL,AllPub,1Story,GasA,Ex,Y,2,6,1,Attchd,Y,213490
RL,AllPub,1Story,GasA,Ex,Y,2,5,0,Attchd,Y,176000
RL,AllPub,1Story,GasA,Ex,Y,2,6,0,Attchd,Y,194000
RM,AllPub,1.5Fin,GasA,Gd,Y,2,6,0,Detchd,Y,87000
RL,AllPub,1Story,GasA,Ex,Y,2,7,1,Attchd,Y,191000
RL,AllPub,1Story,GasA,TA,Y,2,10,1,Attchd,Y,287000
RL,AllPub,1Story,GasA,TA,Y,3,5,0,Detchd,Y,112500
RL,AllPub,1Story,GasA,TA,Y,3,6,2,Attchd,Y,167500
RL,AllPub,1Story,GasA,Ex,Y,3,7,1,Attchd,Y,293077
RL,AllPub,1.5Fin,GasA,TA,Y,3,6,1,Attchd,Y,105000
RM,AllPub,2Story,GasA,Gd,Y,3,7,0,Detchd,Y,118000
RH,AllPub,2Story,GasA,Gd,Y,5,10,0,NA,N,160000
RL,AllPub,2.5Fin,GasA,Ex,Y,5,12,2,Basment,Y,197000
RL,AllPub,2Story,GasA,Ex,Y,5,10,1,Attchd,Y,310000
RL,AllPub,1Story,GasA,Ex,Y,3,6,0,Attchd,Y,230000
RL,AllPub,1Story,GasA,Ex,Y,2,5,1,Basment,Y,119750
RL,AllPub,1Story,GasA,Ex,N,3,5,0,Detchd,N,84000
RL,AllPub,1Story,GasA,Ex,Y,2,6,1,Attchd,Y,315500
RL,AllPub,2Story,GasA,Ex,Y,3,7,1,BuiltIn,Y,287000
RM,AllPub,2Story,GasA,TA,Y,3,6,1,NA,Y,97000
RM,AllPub,SFoyer,GasA,TA,Y,1,3,0,Attchd,Y,80000
RL,AllPub,1Story,GasA,Ex,Y,3,8,1,Attchd,Y,155000
RL,AllPub,2Story,GasA,Gd,Y,4,7,0,Attchd,Y,173000
RL,AllPub,1Story,GasA,Ex,Y,1,5,1,Attchd,Y,196000
RL,AllPub,2Story,GasA,Ex,Y,4,10,1,Attchd,Y,262280
RL,AllPub,1Story,GasA,TA,Y,4,9,1,Attchd,Y,278000
RL,AllPub,1Story,GasA,Ex,Y,4,8,1,Attchd,Y,139600
RL,AllPub,2Story,GasA,Ex,Y,4,11,1,BuiltIn,Y,556581
RL,AllPub,1Story,GasA,Ex,Y,3,5,0,Detchd,Y,145000
RL,AllPub,1Story,GasA,TA,Y,3,9,1,Attchd,Y,115000
RL,AllPub,1Story,GasA,Ex,Y,2,6,0,Detchd,Y,84900
RL,AllPub,1Story,GasA,Ex,Y,3,6,0,Attchd,Y,176485
RL,AllPub,1Story,GasA,Ex,Y,3,6,1,Attchd,Y,200141
RL,AllPub,2Story,GasA,TA,Y,4,9,1,Attchd,Y,165000
RL,AllPub,1Story,GasA,Ex,Y,4,7,1,Basment,Y,144500
RL,AllPub,2Story,GasA,Ex,Y,3,7,1,Attchd,Y,255000
RL,AllPub,1Story,GasA,TA,Y,3,7,1,Attchd,Y,180000
RL,AllPub,1Story,GasA,Ex,Y,2,6,1,Attchd,Y,185850
RL,AllPub,2Story,GasA,Ex,Y,3,7,1,BuiltIn,Y,248000
RL,AllPub,2Story,GasA,Ex,Y,3,10,1,Attchd,Y,335000
RL,AllPub,1.5Fin,GasA,TA,Y,3,7,1,Detchd,Y,220000
RL,AllPub,1Story,GasA,Ex,Y,2,6,0,Attchd,Y,213500
C (all),AllPub,1Story,GasA,TA,Y,2,6,0,Detchd,Y,81000
RM,AllPub,2Story,GasA,TA,N,5,10,0,Detchd,Y,90000
RM,AllPub,1Story,GasA,Gd,Y,2,5,1,Detchd,Y,110500
RL,AllPub,1Story,GasA,Ex,Y,3,6,1,Attchd,Y,154000
RL,AllPub,2Story,GasA,Ex,Y,3,7,0,Attchd,Y,328000
RL,AllPub,2Story,GasA,Gd,Y,3,7,1,Attchd,Y,178000
RL,AllPub,2Story,GasA,TA,Y,4,7,0,Attchd,Y,167900
RM,AllPub,2Story,GasA,Gd,Y,5,10,1,Attchd,Y,151400
RL,AllPub,1.5Unf,GasA,TA,Y,2,4,0,Detchd,Y,135000
RL,AllPub,1Story,GasA,TA,Y,3,6,0,Attchd,Y,135000
RL,AllPub,2Story,GasA,Ex,Y,4,8,0,Attchd,Y,154000
RL,AllPub,1.5Fin,GasA,Fa,Y,4,7,1,Detchd,P,91500
RL,AllPub,2Story,GasA,TA,Y,3,6,0,Attchd,Y,159500
RL,AllPub,1Story,GasA,Ex,Y,2,5,0,Attchd,Y,194000
RL,AllPub,2Story,GasA,TA,Y,3,6,2,Attchd,Y,219500
RL,AllPub,1.5Fin,GasA,Gd,Y,3,7,1,Attchd,Y,170000
RL,AllPub,1Story,GasA,Ex,Y,3,6,0,Attchd,Y,138800
RM,AllPub,1Story,GasA,Ex,Y,1,3,1,Attchd,Y,155900
RL,AllPub,1Story,GasA,Gd,Y,3,5,0,Attchd,Y,126000
RL,AllPub,1Story,GasA,Ex,Y,3,5,0,Attchd,Y,145000
RL,AllPub,1Story,GasA,Fa,Y,3,5,0,Attchd,Y,133000
RL,AllPub,1Story,GasA,Ex,Y,3,6,1,Attchd,Y,192000
RL,AllPub,1Story,GasA,TA,Y,3,6,2,Attchd,Y,160000
RL,AllPub,2Story,GasA,Gd,Y,3,6,1,Attchd,Y,187500
RL,AllPub,SFoyer,GasA,Ex,Y,2,5,0,Attchd,Y,147000
RM,AllPub,2Story,GasA,TA,Y,3,6,0,Attchd,Y,83500
FV,AllPub,2Story,GasA,Ex,Y,3,9,1,Attchd,Y,252000
RM,AllPub,2Story,GasA,Ex,Y,3,7,0,Detchd,Y,137500
FV,AllPub,1Story,GasA,Ex,Y,1,4,1,Attchd,Y,197000
RL,AllPub,1Story,Wall,Fa,N,2,6,0,Detchd,Y,92900
FV,AllPub,2Story,GasA,Ex,Y,2,4,0,Detchd,Y,160000
RL,AllPub,1.5Fin,GasA,Fa,Y,4,7,1,Detchd,Y,136500
RL,AllPub,1Story,GasA,Gd,Y,1,6,0,Detchd,Y,146000
RL,AllPub,1Story,GasA,Ex,Y,2,4,0,Attchd,Y,129000
RL,AllPub,1Story,GasA,Gd,Y,3,6,1,Attchd,Y,176432
RM,AllPub,2Story,GasA,TA,Y,3,7,0,NA,Y,127000
RL,AllPub,1Story,GasA,Ex,Y,2,5,0,Attchd,Y,170000
RM,AllPub,1.5Fin,GasA,TA,Y,3,6,0,Detchd,Y,128000
RL,AllPub,1Story,GasA,TA,Y,3,7,1,Attchd,Y,157000
RL,AllPub,1Story,GasA,TA,N,1,3,0,Detchd,N,60000
RL,AllPub,1Story,GasA,TA,Y,3,5,0,Detchd,Y,119500
RL,AllPub,1Story,GasA,Ex,Y,2,6,0,Attchd,Y,135000
RL,AllPub,1Story,GasA,Ex,Y,3,6,1,BuiltIn,Y,159500
RM,AllPub,2Story,GasA,TA,Y,3,6,0,Detchd,Y,106000
RL,AllPub,2Story,GasA,Ex,Y,3,9,2,Attchd,Y,325000
RL,AllPub,1Story,GasA,Gd,Y,3,6,1,Attchd,Y,179900
RL,AllPub,2Story,GasA,Ex,Y,3,9,1,BuiltIn,Y,274725
RL,AllPub,2Story,GasA,Ex,Y,3,7,1,Attchd,Y,181000
RL,AllPub,1Story,GasA,Ex,Y,3,7,1,Attchd,Y,280000
RL,AllPub,2Story,GasA,Gd,Y,3,8,1,Attchd,Y,188000
RL,AllPub,2Story,GasA,TA,Y,4,8,1,Attchd,Y,205000
RL,AllPub,1Story,GasA,TA,Y,2,5,0,Detchd,Y,129900
RL,AllPub,1Story,GasA,Gd,Y,2,6,0,Attchd,Y,134500
RL,AllPub,1Story,GasA,Ex,Y,2,4,0,Detchd,Y,117000
RL,AllPub,1Story,GasA,Ex,Y,3,7,1,Attchd,Y,318000
RL,AllPub,SLvl,GasA,Ex,Y,3,7,1,BuiltIn,Y,184100
RL,AllPub,1Story,GasA,Ex,Y,3,5,0,Attchd,Y,130000
RL,AllPub,SLvl,GasA,TA,Y,3,6,0,BuiltIn,Y,140000
RL,AllPub,1Story,GasA,TA,Y,3,6,0,Attchd,Y,133700
RM,AllPub,1Story,GasA,TA,Y,2,6,1,Detchd,Y,118400
RL,AllPub,1Story,GasA,Ex,Y,3,7,0,Attchd,Y,212900
RL,AllPub,1Story,GasA,Ex,Y,3,5,0,Basment,Y,112000
RL,AllPub,1Story,GasA,Ex,Y,2,4,0,NA,Y,118000
RL,AllPub,SLvl,GasA,Gd,Y,3,7,1,Attchd,Y,163900
RL,AllPub,1Story,GasA,TA,Y,2,5,1,Detchd,Y,115000
RL,AllPub,1Story,GasA,Ex,Y,2,7,1,Attchd,Y,174000
RL,AllPub,1Story,GasA,Ex,Y,3,7,1,Attchd,Y,259000
RL,AllPub,2Story,GasA,Ex,Y,4,8,1,BuiltIn,Y,215000
RM,AllPub,SFoyer,GasA,TA,Y,2,4,0,Detchd,Y,140000
RL,AllPub,1.5Fin,GasA,TA,Y,4,7,2,Detchd,Y,135000
RL,AllPub,1Story,GasA,TA,Y,3,5,0,NA,Y,93500
RM,AllPub,2Story,GasW,TA,Y,5,8,0,Detchd,N,117500
RL,AllPub,2Story,GasA,Ex,Y,3,8,1,Attchd,Y,239500
RL,AllPub,2Story,GasA,Gd,Y,3,7,1,Attchd,Y,169000
RM,AllPub,1Story,GasA,TA,N,2,5,1,Detchd,Y,102000
RL,AllPub,1.5Fin,GasA,TA,Y,3,6,0,Attchd,Y,119000
RL,AllPub,1.5Fin,GasA,Gd,N,2,6,0,NA,N,94000
RL,AllPub,1Story,GasA,TA,Y,2,5,2,Attchd,Y,196000
RL,AllPub,1Story,GasA,TA,Y,3,6,1,Detchd,Y,144000
RL,AllPub,1Story,GasA,TA,Y,2,4,0,Detchd,Y,139000
RL,AllPub,2Story,GasA,Ex,Y,4,9,1,Attchd,Y,197500
RL,AllPub,2Story,GasA,Ex,Y,4,11,1,BuiltIn,Y,424870
RL,AllPub,1Story,GasA,TA,Y,3,5,0,NA,Y,80000
RL,AllPub,1.5Fin,Grav,Fa,N,2,5,0,Detchd,Y,80000
RM,AllPub,1.5Fin,GasA,Ex,Y,3,8,1,Detchd,Y,149000
RL,AllPub,1Story,GasA,TA,Y,3,5,1,Attchd,Y,180000
RL,AllPub,2Story,GasA,Ex,Y,3,7,1,Attchd,Y,174500
RM,AllPub,1.5Fin,GasA,TA,Y,2,5,1,Detchd,Y,116900
RM,AllPub,2Story,GasA,Ex,Y,3,7,0,Detchd,Y,143000
RL,AllPub,1Story,GasA,Ex,Y,2,4,1,Attchd,Y,124000
RL,AllPub,1Story,GasA,TA,Y,3,6,2,Attchd,Y,149900
RL,AllPub,1Story,GasA,Ex,Y,2,6,1,Attchd,Y,230000
RM,AllPub,1Story,GasA,Ex,Y,2,5,0,Detchd,Y,120500
RL,AllPub,2Story,GasA,TA,Y,4,8,2,Attchd,Y,201800
RL,AllPub,1Story,GasA,TA,Y,3,6,1,Attchd,Y,218000
RL,AllPub,SLvl,GasA,Gd,Y,3,6,1,Attchd,Y,179900
RL,AllPub,1Story,GasA,Ex,Y,2,6,1,Attchd,Y,230000
RL,AllPub,1Story,GasA,Ex,Y,3,7,0,Attchd,Y,235128
RL,AllPub,2Story,GasA,TA,Y,4,8,1,Attchd,Y,185000
RL,AllPub,2Story,GasA,Fa,Y,3,7,1,Attchd,Y,146000
RL,AllPub,1Story,GasA,Ex,Y,3,7,1,Detchd,Y,224000
RL,AllPub,1Story,GasA,Gd,Y,3,5,1,Attchd,Y,129000
RL,AllPub,SFoyer,GasA,TA,Y,0,6,0,CarPort,Y,108959
RL,AllPub,SLvl,GasA,Ex,Y,2,5,1,Attchd,Y,194000
RL,AllPub,1Story,GasA,Ex,Y,3,7,0,Attchd,Y,233170
RL,AllPub,1Story,GasA,Ex,Y,3,7,0,Attchd,Y,245350
RL,AllPub,2Story,GasA,Ex,Y,3,7,1,Attchd,Y,173000
RL,AllPub,2Story,GasA,Ex,Y,4,7,2,Basment,Y,235000
RL,AllPub,2Story,GasA,Ex,Y,4,10,1,Attchd,Y,625000
RL,AllPub,SLvl,GasA,TA,Y,3,6,1,Attchd,Y,171000
RL,AllPub,1Story,GasA,Ex,Y,3,6,1,Attchd,Y,163000
FV,AllPub,2Story,GasA,Ex,Y,2,5,0,Detchd,Y,171900
RL,AllPub,1.5Fin,GasA,TA,Y,3,12,1,NA,Y,200500
RL,AllPub,2Story,GasA,TA,Y,4,9,1,Detchd,Y,239000
RL,AllPub,1.5Fin,GasA,Ex,Y,4,9,1,Attchd,Y,285000
RL,AllPub,1Story,GasA,TA,Y,3,5,0,Attchd,Y,119500
RM,AllPub,1.5Fin,GasA,TA,Y,3,5,0,Detchd,N,115000
RL,AllPub,1.5Fin,GasA,Ex,Y,3,7,1,Detchd,Y,154900
RL,AllPub,1Story,GasA,Gd,Y,3,5,1,NA,N,93000
RL,AllPub,2Story,GasA,Ex,Y,4,8,0,Attchd,Y,250000
RM,AllPub,1Story,GasA,Ex,Y,2,5,1,Attchd,Y,392500
RL,AllPub,2Story,GasA,Ex,Y,4,10,2,Attchd,Y,745000
RL,AllPub,1Story,GasA,Ex,Y,2,5,1,Detchd,Y,120000
RL,AllPub,1Story,GasA,Gd,Y,3,5,2,2Types,Y,186700
RL,AllPub,1.5Fin,GasA,Gd,Y,4,7,0,Attchd,Y,104900
RL,AllPub,2Story,GasA,TA,Y,3,7,0,CarPort,Y,95000
RL,AllPub,1Story,GasA,Ex,Y,2,5,1,Attchd,Y,262000
RL,AllPub,2Story,GasA,Ex,Y,3,7,0,Attchd,Y,195000
RL,AllPub,2Story,GasA,Gd,Y,3,7,1,Attchd,Y,189000
RL,AllPub,1Story,GasA,Ex,Y,3,7,1,2Types,Y,168000
FV,AllPub,2Story,GasA,Ex,Y,2,5,0,Detchd,Y,174000
RM,AllPub,1.5Fin,GasA,Gd,Y,3,6,0,Detchd,P,125000
RM,AllPub,1Story,GasA,Ex,Y,2,5,0,Attchd,Y,165000
RL,AllPub,2Story,GasA,TA,Y,4,7,0,Attchd,Y,158000
RL,AllPub,2Story,GasA,Ex,Y,3,8,0,Attchd,Y,176000
RL,AllPub,2Story,GasA,Ex,Y,4,9,1,BuiltIn,Y,219210
RM,AllPub,2.5Unf,GasA,Ex,Y,3,7,1,Detchd,Y,144000
RL,AllPub,1Story,GasA,Ex,Y,3,6,0,Attchd,Y,178000
RL,AllPub,1Story,GasA,Gd,Y,3,6,1,Attchd,Y,148000
RL,AllPub,1Story,GasA,Gd,Y,3,5,0,Attchd,Y,116050
RL,AllPub,2Story,GasA,Ex,Y,3,6,0,Attchd,Y,197900
RM,AllPub,1.5Fin,GasA,Ex,Y,3,5,1,Detchd,N,117000
RL,AllPub,1Story,GasA,Ex,Y,3,6,1,Attchd,Y,213000
RL,AllPub,1Story,GasA,Ex,Y,3,6,0,Attchd,Y,153500
RL,AllPub,1Story,GasA,Gd,Y,3,7,1,Attchd,Y,271900
RH,AllPub,1Story,GasA,TA,Y,2,5,0,Detchd,Y,107000
RL,AllPub,1Story,GasA,Ex,Y,3,7,0,Attchd,Y,200000
RL,AllPub,1Story,GasA,TA,Y,3,6,0,Detchd,Y,140000
RL,AllPub,1Story,GasA,Ex,Y,3,8,1,Attchd,Y,290000
RL,AllPub,2Story,GasA,Ex,Y,3,8,1,Attchd,Y,189000
RL,AllPub,1.5Fin,GasA,Gd,Y,4,8,0,Basment,Y,164000
RL,AllPub,1Story,GasA,TA,Y,2,4,0,Attchd,N,113000
RL,AllPub,SLvl,GasA,Ex,Y,0,3,0,Attchd,Y,145000
RL,AllPub,SFoyer,GasA,TA,Y,3,6,0,Attchd,Y,134500
RL,AllPub,1Story,GasA,TA,Y,3,5,0,Detchd,Y,125000
RM,AllPub,1.5Fin,GasA,TA,Y,4,8,0,Attchd,Y,112000
FV,AllPub,1Story,GasA,Ex,Y,3,6,0,Attchd,Y,229456
RM,AllPub,1.5Fin,GasA,Gd,N,2,3,0,NA,N,80500
RM,AllPub,2Story,GasA,TA,Y,3,7,0,NA,N,91500
RL,AllPub,1Story,GasA,TA,Y,2,5,0,Attchd,Y,115000
RL,AllPub,1Story,GasA,Ex,Y,3,5,1,Attchd,Y,134000
RL,AllPub,1.5Fin,GasA,Ex,Y,3,7,1,Attchd,Y,143000
RL,AllPub,1Story,GasA,TA,N,4,7,0,Detchd,Y,137900
RL,AllPub,2Story,GasA,Ex,Y,3,8,1,Attchd,Y,184000
RL,AllPub,SLvl,GasA,Ex,Y,3,6,0,Attchd,Y,145000
RL,AllPub,2Story,GasA,Ex,Y,4,9,1,BuiltIn,Y,214000
RL,AllPub,1Story,GasA,Ex,Y,2,5,0,Detchd,Y,147000
RL,AllPub,1Story,GasA,Ex,Y,1,7,1,Attchd,Y,367294
RL,AllPub,SLvl,GasA,Gd,Y,4,7,0,Basment,Y,127000
RL,AllPub,1.5Fin,GasA,Ex,Y,4,12,1,BuiltIn,N,190000
RL,AllPub,SLvl,GasA,TA,Y,3,6,0,Attchd,Y,132500
RL,AllPub,1Story,GasA,TA,Y,2,6,0,CarPort,Y,101800
RL,AllPub,1Story,GasA,Fa,Y,3,6,0,Attchd,Y,142000
RH,AllPub,2Story,GasA,TA,N,4,7,0,NA,N,130000
RL,AllPub,2Story,GasA,Gd,Y,4,9,0,Detchd,N,138887
RL,AllPub,2Story,GasA,Ex,Y,2,6,0,BuiltIn,Y,175500
RL,AllPub,2Story,GasA,Ex,Y,4,8,1,BuiltIn,Y,195000
RL,AllPub,1Story,GasA,Ex,Y,3,6,0,Detchd,Y,142500
RL,AllPub,1Story,GasA,Ex,Y,2,6,1,Attchd,Y,265900
RL,AllPub,2Story,GasA,Ex,Y,3,8,0,Attchd,Y,224900
RL,AllPub,1Story,GasA,Ex,Y,3,7,0,Attchd,Y,248328
RL,AllPub,SFoyer,GasA,TA,Y,3,6,2,Attchd,Y,170000
RL,AllPub,1Story,GasA,Ex,Y,2,7,1,Attchd,Y,465000
RL,AllPub,2Story,GasA,Fa,Y,3,7,2,Detchd,Y,230000
RL,AllPub,SLvl,GasA,Ex,Y,3,7,1,BuiltIn,Y,178000
FV,AllPub,2Story,GasA,Ex,Y,3,6,0,Attchd,Y,186500
RL,AllPub,SLvl,GasA,TA,Y,3,6,0,Attchd,Y,169900
RM,AllPub,2.5Unf,OthW,Fa,N,3,8,1,Detchd,P,129500
RL,AllPub,1Story,GasA,TA,Y,3,6,0,Attchd,Y,119000
RL,AllPub,1Story,GasA,Ex,Y,3,8,2,Attchd,Y,244000
RL,AllPub,1Story,GasA,Ex,Y,2,6,1,Attchd,Y,171750
RL,AllPub,1Story,GasA,TA,Y,3,5,0,Attchd,Y,130000
RL,AllPub,2Story,GasA,TA,Y,3,9,2,Attchd,Y,294000
RL,AllPub,2Story,GasA,Ex,Y,3,7,1,BuiltIn,Y,165400
RM,AllPub,1.5Fin,GasA,TA,Y,3,6,1,Detchd,Y,127500
RL,AllPub,1Story,GasA,Ex,Y,2,7,1,Attchd,Y,301500
RL,AllPub,1Story,GasA,Ex,Y,2,4,0,NA,Y,99900
RL,AllPub,SLvl,GasA,Ex,Y,2,5,0,Attchd,Y,190000
RL,AllPub,1Story,GasA,Gd,Y,3,6,0,Attchd,Y,151000
RL,AllPub,2Story,GasA,Ex,Y,3,7,1,BuiltIn,Y,181000
RL,AllPub,1Story,GasA,Gd,Y,2,5,0,Attchd,Y,128900
RL,AllPub,1.5Fin,GasA,Ex,Y,5,8,2,Attchd,Y,161500
RL,AllPub,2Story,GasA,Ex,Y,3,8,1,Detchd,N,180500
RH,AllPub,1Story,GasA,Ex,Y,2,5,0,Attchd,Y,181000
FV,AllPub,2Story,GasA,Ex,Y,3,6,0,Detchd,Y,183900
RM,AllPub,2.5Unf,GasA,TA,N,4,9,1,Detchd,N,122000
RL,AllPub,1Story,GasA,Ex,Y,3,10,1,Attchd,Y,378500
RL,AllPub,1.5Fin,GasA,Ex,Y,4,11,2,BuiltIn,Y,381000
RL,AllPub,1.5Fin,GasW,TA,Y,3,7,0,Attchd,Y,144000
RL,AllPub,1Story,GasA,TA,Y,0,4,1,Attchd,Y,260000
RL,AllPub,1Story,GasA,Gd,Y,3,7,1,Attchd,Y,185750
RL,AllPub,1Story,GasA,TA,Y,3,5,0,Attchd,Y,137000
RL,AllPub,SLvl,GasA,Gd,Y,2,5,1,Basment,Y,177000
RL,AllPub,1.5Fin,GasA,Ex,Y,3,8,1,Detchd,Y,139000
RL,AllPub,2Story,GasA,Gd,Y,4,10,0,Detchd,Y,137000
RL,AllPub,2Story,GasA,TA,Y,3,6,1,Attchd,Y,162000
RL,AllPub,SLvl,GasA,Fa,Y,3,7,1,Attchd,Y,197900
RL,AllPub,2Story,GasA,Ex,Y,3,7,1,Attchd,Y,237000
C (all),AllPub,1.5Fin,GasA,TA,Y,2,6,0,Detchd,Y,68400
RL,AllPub,1Story,GasA,Ex,Y,3,6,0,Attchd,Y,227000
RL,AllPub,1Story,GasA,TA,Y,2,6,1,Attchd,Y,180000
RL,AllPub,1Story,GasA,TA,Y,3,5,0,Detchd,Y,150500
RL,AllPub,2Story,GasA,TA,Y,4,8,0,NA,Y,139000
RL,AllPub,1.5Fin,GasA,Ex,Y,4,10,1,Detchd,Y,169000
RM,AllPub,1.5Fin,GasA,Ex,Y,4,6,1,Detchd,Y,132500
RL,AllPub,1Story,GasA,TA,Y,3,6,2,Attchd,Y,143000
RL,AllPub,1Story,GasA,Fa,Y,4,7,0,Attchd,N,190000
RL,AllPub,1Story,GasA,Ex,Y,2,5,1,Attchd,Y,278000
RL,AllPub,2Story,GasA,Ex,Y,3,8,1,BuiltIn,Y,281000
RL,AllPub,SLvl,GasA,TA,Y,3,6,1,Attchd,Y,180500
RM,AllPub,2Story,GasA,TA,Y,3,6,0,Detchd,Y,119500
RM,AllPub,2Story,GasA,TA,N,4,11,0,Attchd,Y,107500
RL,AllPub,2Story,GasA,TA,Y,4,8,1,Attchd,Y,162900
RL,AllPub,1Story,GasA,TA,Y,2,5,0,Detchd,N,115000
RL,AllPub,1Story,GasA,Gd,Y,3,5,0,Attchd,Y,138500
RL,AllPub,1Story,GasA,Gd,Y,3,6,0,Attchd,Y,155000
RM,AllPub,SFoyer,GasA,Gd,Y,2,5,0,Basment,Y,140000
RL,AllPub,2Story,GasA,Ex,Y,3,12,3,Attchd,Y,160000
RL,AllPub,1Story,GasA,Ex,Y,3,6,0,Attchd,Y,154000
RL,AllPub,2Story,GasA,Ex,Y,3,9,1,Attchd,Y,225000
RL,AllPub,2Story,GasA,Fa,Y,3,7,2,Attchd,P,177500
RL,AllPub,2Story,GasA,Ex,Y,4,8,1,Attchd,Y,290000
RL,AllPub,1Story,GasA,Ex,Y,3,7,0,Attchd,Y,232000
RM,AllPub,2Story,GasA,Ex,Y,3,7,0,Detchd,Y,130000
RL,AllPub,1Story,GasA,Ex,Y,2,6,2,Attchd,Y,325000
RL,AllPub,1Story,GasA,Ex,Y,2,6,1,Attchd,Y,202500
RL,AllPub,1Story,GasA,Ex,Y,3,5,0,Detchd,Y,138000
RM,AllPub,1Story,GasA,Ex,Y,2,6,0,Attchd,Y,147000
RL,AllPub,1Story,GasA,Gd,Y,3,6,0,Attchd,Y,179200
RL,AllPub,1Story,GasA,TA,Y,3,7,2,Attchd,Y,335000
RL,AllPub,1Story,GasA,Ex,Y,3,6,0,Attchd,Y,203000
RL,AllPub,2Story,GasA,Ex,Y,4,9,1,Attchd,Y,302000
RL,AllPub,2Story,GasA,Ex,Y,4,10,1,BuiltIn,Y,333168
RL,AllPub,1Story,GasA,Ex,Y,3,5,1,Detchd,Y,119000
RL,AllPub,2Story,GasA,TA,Y,4,9,2,Attchd,Y,206900
RL,AllPub,1Story,GasA,Ex,Y,3,8,1,Attchd,Y,295493
FV,AllPub,1Story,GasA,Ex,Y,2,5,1,Attchd,Y,208900
RL,AllPub,1Story,GasA,Ex,Y,3,7,1,Attchd,Y,275000
RL,AllPub,1Story,GasA,Ex,Y,3,5,0,Attchd,Y,111000
RL,AllPub,1Story,GasA,Gd,Y,3,6,2,Attchd,Y,156500
RL,AllPub,1Story,Floor,TA,N,2,4,0,Detchd,Y,72500
RL,AllPub,2Story,GasA,Ex,Y,3,8,1,Attchd,Y,190000
RL,AllPub,1Story,GasA,Gd,Y,2,5,0,NA,Y,82500
RL,AllPub,1Story,GasA,Ex,Y,2,7,1,Attchd,Y,147000
RM,AllPub,1Story,GasA,Fa,N,2,5,0,NA,N,55000
RH,AllPub,1Story,GasA,Ex,Y,3,6,0,NA,Y,79000
RL,AllPub,1Story,GasA,Ex,Y,3,5,1,Attchd,Y,130500
RM,AllPub,1.5Fin,GasW,Ex,Y,5,8,2,Detchd,Y,256000
RL,AllPub,2Story,GasA,Gd,Y,3,8,1,Attchd,Y,176500
RL,AllPub,1Story,GasA,Ex,Y,3,7,1,Attchd,Y,227000
RL,AllPub,SLvl,GasA,Gd,Y,3,6,0,Detchd,Y,132500
RL,AllPub,1Story,GasA,Ex,Y,2,3,1,Detchd,Y,100000
RM,AllPub,1.5Fin,GasA,Ex,Y,2,6,0,Detchd,Y,125500
RM,AllPub,2Story,GasA,TA,Y,3,7,0,Attchd,Y,125000
RL,AllPub,1Story,GasA,TA,Y,2,6,1,Attchd,Y,167900
RL,AllPub,1Story,GasA,TA,Y,4,8,0,Detchd,Y,135000
RM,AllPub,1Story,Grav,Fa,N,2,4,0,NA,N,52500
RL,AllPub,2Story,GasA,Ex,Y,3,8,0,BuiltIn,Y,200000
RL,AllPub,1Story,GasA,Ex,Y,3,5,0,Attchd,Y,128500
RL,AllPub,1Story,GasA,TA,Y,3,5,0,Detchd,Y,123000
RL,AllPub,1Story,GasA,Ex,Y,3,6,0,Detchd,Y,155000
RL,AllPub,2Story,GasA,Ex,Y,3,7,1,Attchd,Y,228500
RL,AllPub,1.5Fin,GasA,Gd,Y,3,9,1,Detchd,Y,177000
RL,AllPub,2Story,GasA,Ex,Y,3,8,1,Attchd,Y,155835
RM,AllPub,1Story,GasA,Gd,Y,2,5,0,Detchd,Y,108500
RL,AllPub,1Story,GasA,TA,Y,3,9,1,Attchd,Y,262500
RL,AllPub,1Story,GasA,Ex,Y,3,7,1,Attchd,Y,283463
RL,AllPub,1Story,GasA,Ex,Y,3,5,1,Attchd,Y,215000
RM,AllPub,2Story,OthW,Fa,N,4,8,0,NA,Y,122000
RL,AllPub,2Story,GasA,TA,Y,6,12,0,Detchd,Y,200000
RL,AllPub,2Story,GasA,Ex,Y,4,8,1,Attchd,Y,171000
RM,AllPub,1.5Fin,GasA,TA,Y,2,4,0,Detchd,N,134900
RL,AllPub,1.5Fin,GasA,Ex,Y,4,9,1,Attchd,Y,410000
RL,AllPub,2Story,GasA,Ex,Y,3,7,1,Attchd,Y,235000
RL,AllPub,SLvl,GasA,Gd,Y,4,8,1,Attchd,Y,170000
RL,AllPub,1Story,GasA,TA,Y,3,5,0,Attchd,Y,110000
RL,AllPub,1Story,GasA,Ex,Y,3,6,1,Attchd,Y,149900
FV,AllPub,2Story,GasA,Ex,Y,3,5,0,Detchd,Y,177500
RL,AllPub,1Story,GasA,Ex,Y,3,8,1,Attchd,Y,315000
RL,AllPub,2Story,GasA,Ex,Y,4,8,0,BuiltIn,Y,189000
RL,AllPub,1Story,GasA,Ex,Y,3,7,1,Attchd,Y,260000
RL,AllPub,1.5Fin,GasA,Gd,Y,4,7,1,Attchd,Y,104900
RL,AllPub,2Story,GasA,Ex,Y,3,6,1,BuiltIn,Y,156932
FV,AllPub,2Story,GasA,Ex,Y,2,4,0,Detchd,Y,144152
FV,AllPub,2Story,GasA,Ex,Y,3,7,0,Attchd,Y,216000
RL,AllPub,2Story,GasA,Ex,Y,3,7,0,Attchd,Y,193000
RM,AllPub,2Story,GasA,Ex,Y,4,6,1,Attchd,Y,127000
RM,AllPub,1Story,GasA,Ex,Y,1,4,0,Attchd,Y,144000
RL,AllPub,1Story,GasA,Ex,Y,3,8,1,Attchd,Y,232000
RL,AllPub,1.5Fin,GasA,Ex,Y,2,6,0,Detchd,Y,105000
RL,AllPub,SLvl,GasA,Gd,Y,3,8,1,BuiltIn,Y,165500
RL,AllPub,2Story,GasA,Ex,Y,3,8,1,Detchd,Y,274300
RL,AllPub,1Story,GasA,Ex,Y,2,8,2,Attchd,Y,466500
FV,AllPub,2Story,GasA,Ex,Y,3,9,1,Attchd,Y,250000
RL,AllPub,1Story,GasA,Ex,Y,3,7,1,Attchd,Y,239000
RL,AllPub,1Story,GasA,TA,N,2,4,0,Detchd,Y,91000
RL,AllPub,1.5Fin,GasA,Ex,Y,3,6,0,Detchd,Y,117000
RM,AllPub,2Story,GasA,TA,Y,2,5,0,Detchd,Y,83000
RL,AllPub,SLvl,GasA,Gd,Y,3,7,0,BuiltIn,Y,167500
RL,AllPub,1Story,GasA,TA,N,2,5,0,Detchd,Y,58500
RL,AllPub,1Story,GasA,Ex,Y,4,7,2,Attchd,Y,237500
RM,AllPub,2Story,GasA,Ex,Y,4,8,0,Detchd,N,157000
RL,AllPub,1Story,GasA,Ex,Y,3,7,0,Attchd,N,112000
RL,AllPub,1.5Fin,GasA,TA,Y,2,6,0,Detchd,P,105000
RM,AllPub,1.5Fin,GasA,Gd,Y,3,7,0,Detchd,N,125500
RL,AllPub,2Story,GasA,TA,Y,5,12,2,Attchd,Y,250000
RM,AllPub,1.5Fin,GasW,TA,N,5,10,1,Detchd,Y,136000
RL,AllPub,1Story,GasA,Ex,Y,3,7,2,Attchd,Y,377500
RM,AllPub,1.5Fin,GasA,Ex,Y,3,6,1,Detchd,Y,131000
RL,AllPub,1Story,GasA,Ex,Y,3,6,0,Attchd,Y,235000
RL,AllPub,1Story,GasA,TA,Y,4,8,0,Detchd,Y,124000
RL,AllPub,SFoyer,GasA,TA,Y,3,6,1,Attchd,Y,123000
RM,AllPub,1.5Fin,GasA,Ex,N,3,7,1,Detchd,Y,163000
RL,AllPub,1Story,GasA,Ex,Y,2,6,1,Attchd,Y,246578
RL,AllPub,2Story,GasA,Ex,Y,4,9,1,BuiltIn,Y,281213
RL,AllPub,1Story,GasA,TA,Y,3,7,2,Detchd,N,160000
RM,AllPub,2Story,GasA,Ex,Y,4,8,0,Detchd,N,137500
RL,AllPub,1.5Fin,GasA,Gd,Y,3,7,0,Attchd,Y,138000
RL,AllPub,1.5Fin,GasA,Ex,Y,3,7,1,Detchd,Y,137450
RM,AllPub,1.5Fin,GasA,TA,Y,3,5,1,BuiltIn,Y,120000
RL,AllPub,2Story,GasA,Ex,Y,3,8,1,Attchd,Y,193000
RL,AllPub,1Story,GasA,Ex,Y,2,6,1,Attchd,Y,193879
RL,AllPub,1Story,GasA,Ex,Y,3,6,0,Attchd,Y,282922
RL,AllPub,1.5Fin,GasA,TA,Y,3,6,0,Detchd,Y,105000
RM,AllPub,1Story,GasA,Ex,Y,2,5,1,Attchd,Y,275000
RL,AllPub,SFoyer,GasA,TA,Y,2,5,0,Detchd,Y,133000
RL,AllPub,1Story,GasA,Ex,Y,3,5,0,NA,Y,112000
RM,AllPub,2Story,GasA,Gd,Y,3,6,0,Detchd,Y,125500
RL,AllPub,2Story,GasA,Gd,Y,3,7,1,Attchd,Y,215000
RL,AllPub,2Story,GasA,Ex,Y,3,6,0,Attchd,Y,230000
RL,AllPub,1.5Fin,GasA,Ex,Y,3,6,0,Attchd,Y,140000
RL,AllPub,1Story,Wall,Fa,N,2,6,0,Detchd,Y,90000
RL,AllPub,1Story,GasA,Ex,Y,2,7,1,Attchd,Y,257000
RL,AllPub,1.5Fin,GasA,Gd,Y,4,8,1,Detchd,N,207000
RL,AllPub,1Story,GasA,Ex,Y,1,7,1,Attchd,Y,175900
RM,AllPub,2Story,GasA,Gd,Y,4,11,0,Detchd,N,122500
RL,AllPub,2Story,GasA,Ex,Y,3,7,1,Attchd,Y,340000
RL,AllPub,1Story,GasA,TA,Y,3,6,0,Detchd,Y,124000
RL,AllPub,1Story,GasA,Gd,Y,3,7,1,Attchd,Y,223000
RL,AllPub,2Story,GasA,Gd,Y,3,7,1,Attchd,Y,179900
RL,AllPub,1Story,GasA,TA,Y,2,4,1,Attchd,Y,127500
RM,AllPub,1Story,GasA,Ex,Y,1,3,0,Attchd,Y,136500
RL,AllPub,SLvl,GasA,TA,Y,4,8,1,Attchd,Y,274970
RL,AllPub,1Story,GasA,TA,Y,2,6,1,Detchd,Y,144000
RL,AllPub,1Story,GasA,Ex,Y,3,7,0,Detchd,Y,142000
RL,AllPub,2Story,GasA,Ex,Y,3,5,2,Attchd,Y,271000
RL,AllPub,1.5Fin,GasA,TA,Y,3,6,1,Attchd,Y,140000
RM,AllPub,1Story,GasA,TA,Y,2,4,2,Attchd,Y,119000
RL,AllPub,1Story,GasA,Ex,Y,3,7,1,Attchd,Y,182900
RL,AllPub,2Story,GasA,Ex,Y,4,7,1,BuiltIn,Y,192140
RL,AllPub,1Story,GasA,TA,Y,2,5,0,Attchd,Y,143750
RL,AllPub,1Story,GasA,TA,Y,4,5,0,Detchd,Y,64500
RL,AllPub,2Story,GasA,Ex,Y,3,8,1,Attchd,Y,186500
RL,AllPub,1Story,GasA,Fa,Y,3,5,1,Attchd,P,160000
RL,AllPub,1Story,GasA,TA,Y,3,7,1,Attchd,Y,174000
RL,AllPub,1Story,GasA,TA,Y,3,5,0,Detchd,Y,120500
RL,AllPub,1Story,GasA,Ex,Y,2,7,1,Attchd,Y,394617
RM,AllPub,1Story,GasA,TA,Y,2,6,0,Attchd,Y,149700
RL,AllPub,SLvl,GasA,TA,Y,3,6,1,Attchd,Y,197000
RL,AllPub,2.5Fin,GasA,Fa,Y,3,11,1,Detchd,Y,191000
RM,AllPub,1Story,GasA,Ex,Y,1,3,1,Attchd,Y,149300
FV,AllPub,2Story,GasA,Ex,Y,3,10,1,Attchd,Y,310000
RL,AllPub,1.5Unf,Grav,Fa,N,2,4,1,Detchd,P,121000
RL,AllPub,1Story,GasA,Ex,Y,3,7,0,Attchd,Y,179600
RL,AllPub,SFoyer,GasA,Gd,Y,3,6,0,Detchd,Y,129000
RL,AllPub,1Story,GasA,TA,Y,3,6,0,Attchd,P,157900
RL,AllPub,2Story,GasA,Ex,Y,3,8,1,Attchd,Y,240000
RL,AllPub,2Story,GasA,Gd,N,2,6,0,Detchd,Y,112000
RM,AllPub,SFoyer,GasA,Ex,Y,1,3,0,NA,Y,92000
RL,AllPub,2Story,GasA,TA,Y,4,8,0,NA,Y,136000
RL,AllPub,1Story,GasA,Ex,Y,3,7,1,Attchd,Y,287090
RM,AllPub,SLvl,GasA,Gd,Y,2,5,0,Basment,Y,145000
RL,AllPub,1Story,GasA,Ex,Y,3,6,0,NA,Y,84500
FV,AllPub,1Story,GasA,Ex,Y,2,6,0,Attchd,Y,185000
RL,AllPub,2Story,GasA,Ex,Y,3,7,1,Attchd,Y,175000
RL,AllPub,1Story,GasA,TA,Y,3,7,2,Attchd,Y,210000
RL,AllPub,2Story,GasA,Ex,Y,4,9,2,Attchd,Y,266500
RL,AllPub,1Story,GasA,Gd,Y,2,5,0,Attchd,Y,142125
RL,AllPub,1Story,GasA,Gd,Y,3,6,0,Attchd,Y,147500
